International Institute of Information Technology Bhubaneswar,CSE,AI,OPEN,Neutral,28111,32893
International Institute of Information Technology Bhubaneswar,CSE,AI,OPEN-PWD,Neutral,1360,1360
International Institute of Information Technology Bhubaneswar,CSE,AI,EWS,Neutral,5190,5522
International Institute of Information Technology Bhubaneswar,CSE,AI,OBC-NCL,Neutral,9803,13447
International Institute of Information Technology Bhubaneswar,CSE,AI,SC,Neutral,6989,7885
International Institute of Information Technology Bhubaneswar,CSE,AI,ST,Neutral,3567,4321
International Institute of Information Technology Bhubaneswar,CSE,AI,OPEN,Neutral,14662,28199
International Institute of Information Technology Bhubaneswar,CSE,AI,OPEN-PWD,Neutral,896,1245
International Institute of Information Technology Bhubaneswar,CSE,AI,EWS,Neutral,4393,4968
International Institute of Information Technology Bhubaneswar,CSE,AI,OBC-NCL,Neutral,8347,11882
International Institute of Information Technology Bhubaneswar,CSE,AI,SC,Neutral,4696,5727
International Institute of Information Technology Bhubaneswar,CSE,AI,ST,Neutral,2741,3469
International Institute of Information Technology Bhubaneswar,Electrical and Electronics Engineering,AI,OPEN,Neutral,30128,41744
International Institute of Information Technology Bhubaneswar,Electrical and Electronics Engineering,AI,EWS,Neutral,6729,6838
International Institute of Information Technology Bhubaneswar,Electrical and Electronics Engineering,AI,OBC-NCL,Neutral,14546,16463
International Institute of Information Technology Bhubaneswar,Electrical and Electronics Engineering,AI,SC,Neutral,9066,9970
International Institute of Information Technology Bhubaneswar,Electrical and Electronics Engineering,AI,ST,Neutral,2934,4537
International Institute of Information Technology Bhubaneswar,Electronics and Telecommunication Engineering,AI,OPEN,Neutral,19647,39047
International Institute of Information Technology Bhubaneswar,Electronics and Telecommunication Engineering,AI,EWS,Neutral,6197,6744
International Institute of Information Technology Bhubaneswar,Electronics and Telecommunication Engineering,AI,OBC-NCL,Neutral,13958,15743
International Institute of Information Technology Bhubaneswar,Electronics and Telecommunication Engineering,AI,SC,Neutral,7156,9716
International Institute of Information Technology Bhubaneswar,Electronics and Telecommunication Engineering,AI,ST,Neutral,4785,4873
International Institute of Information Technology Bhubaneswar,IT,AI,OPEN,Neutral,26227,33260
International Institute of Information Technology Bhubaneswar,IT,AI,OPEN-PWD,Neutral,1435,1435
International Institute of Information Technology Bhubaneswar,IT,AI,EWS,Neutral,5228,5253
International Institute of Information Technology Bhubaneswar,IT,AI,OBC-NCL,Neutral,12837,13542
International Institute of Information Technology Bhubaneswar,IT,AI,SC,Neutral,6499,8178
International Institute of Information Technology Bhubaneswar,IT,AI,ST,Neutral,2679,3887
Assam University Silchar,Agricultural Engineering,AI,OPEN,Neutral,53772,76770
Assam University Silchar,Agricultural Engineering,AI,OPEN,Female,66352,66352
Assam University Silchar,Agricultural Engineering,AI,EWS,Neutral,12933,13631
Assam University Silchar,Agricultural Engineering,AI,OBC-NCL,Neutral,23304,25384
Assam University Silchar,Agricultural Engineering,AI,OBC-NCL,Female,24880,24880
Assam University Silchar,Agricultural Engineering,AI,SC,Neutral,10988,11364
Assam University Silchar,Agricultural Engineering,AI,ST,Neutral,4435,6481
Assam University Silchar,Agricultural Engineering,Assam,OPEN,Neutral,93133,187883
Assam University Silchar,Agricultural Engineering,Assam,OPEN,Female,155861,155861
Assam University Silchar,Agricultural Engineering,Assam,EWS,Neutral,31241,35500
Assam University Silchar,Agricultural Engineering,Assam,OBC-NCL,Neutral,78964,90994
Assam University Silchar,Agricultural Engineering,Assam,OBC-NCL,Female,94871,94871
Assam University Silchar,Agricultural Engineering,Assam,SC,Neutral,22793,25922
Assam University Silchar,Agricultural Engineering,Assam,SC,Female,24353,24353
Assam University Silchar,Agricultural Engineering,Assam,ST,Neutral,7799,8453
Assam University Silchar,CSE,AI,OPEN,Neutral,37130,48929
Assam University Silchar,CSE,AI,OPEN,Female,47665,47665
Assam University Silchar,CSE,AI,OPEN-PWD,Neutral,1980,1980
Assam University Silchar,CSE,AI,EWS,Neutral,7926,8294
Assam University Silchar,CSE,AI,OBC-NCL,Neutral,16391,18070
Assam University Silchar,CSE,AI,OBC-NCL,Female,15597,15597
Assam University Silchar,CSE,AI,SC,Neutral,6897,10072
Assam University Silchar,CSE,AI,ST,Neutral,3033,4308
Assam University Silchar,CSE,Assam,OPEN,Neutral,72488,87934
Assam University Silchar,CSE,Assam,OPEN,Female,76430,76430
Assam University Silchar,CSE,Assam,EWS,Neutral,16693,19603
Assam University Silchar,CSE,Assam,OBC-NCL,Neutral,31349,48037
Assam University Silchar,CSE,Assam,OBC-NCL,Female,59939,59939
Assam University Silchar,CSE,Assam,SC,Neutral,11525,13073
Assam University Silchar,CSE,Assam,SC,Female,18746,18746
Assam University Silchar,CSE,Assam,ST,Neutral,5923,6172
Assam University Silchar,ECE,AI,OPEN,Neutral,54479,58639
Assam University Silchar,ECE,AI,OPEN,Female,51859,51859
Assam University Silchar,ECE,AI,EWS,Neutral,9641,10051
Assam University Silchar,ECE,AI,OBC-NCL,Neutral,18828,19932
Assam University Silchar,ECE,AI,OBC-NCL,Female,19524,19524
Assam University Silchar,ECE,AI,SC,Neutral,10453,10893
Assam University Silchar,ECE,AI,ST,Neutral,4520,4636
Assam University Silchar,ECE,Assam,OPEN,Neutral,90075,102401
Assam University Silchar,ECE,Assam,OPEN,Female,94373,94373
Assam University Silchar,ECE,Assam,EWS,Neutral,22690,24398
Assam University Silchar,ECE,Assam,OBC-NCL,Neutral,41134,58446
Assam University Silchar,ECE,Assam,OBC-NCL,Female,61742,61742
Assam University Silchar,ECE,Assam,SC,Neutral,12613,16449
Assam University Silchar,ECE,Assam,SC,Female,23543,23543
Assam University Silchar,ECE,Assam,ST,Neutral,5752,6330
Birla Institute of Technology Mesra Ranchi,Architecture  (5 Years Bachelor of Architecture),AI,OPEN,Neutral,612,1039
Birla Institute of Technology Mesra Ranchi,Architecture  (5 Years Bachelor of Architecture),AI,EWS,Neutral,454,494
Birla Institute of Technology Mesra Ranchi,Architecture  (5 Years Bachelor of Architecture),AI,OBC-NCL,Neutral,370,534
Birla Institute of Technology Mesra Ranchi,Architecture  (5 Years Bachelor of Architecture),AI,SC,Neutral,346,375
Birla Institute of Technology Mesra Ranchi,Architecture  (5 Years Bachelor of Architecture),AI,ST,Neutral,189,208
Birla Institute of Technology Mesra Ranchi,Architecture  (5 Years Bachelor of Architecture),Jharkhand,OPEN,Neutral,1098,3311
Birla Institute of Technology Mesra Ranchi,Architecture  (5 Years Bachelor of Architecture),Jharkhand,SC,Neutral,1297,3752
Birla Institute of Technology Mesra Ranchi,Architecture  (5 Years Bachelor of Architecture),Jharkhand,ST,Neutral,746,746
Birla Institute of Technology Mesra Ranchi,AI and Machine Learning,AI,OPEN,Neutral,13416,18133
Birla Institute of Technology Mesra Ranchi,AI and Machine Learning,AI,OPEN-PWD,Neutral,555,555
Birla Institute of Technology Mesra Ranchi,AI and Machine Learning,AI,EWS,Neutral,3210,3451
Birla Institute of Technology Mesra Ranchi,AI and Machine Learning,AI,OBC-NCL,Neutral,6958,8260
Birla Institute of Technology Mesra Ranchi,AI and Machine Learning,AI,OBC-NCL-PWD,Neutral,642,642
Birla Institute of Technology Mesra Ranchi,AI and Machine Learning,AI,SC,Neutral,4682,5468
Birla Institute of Technology Mesra Ranchi,AI and Machine Learning,AI,ST,Neutral,2541,3248
Birla Institute of Technology Mesra Ranchi,AI and Machine Learning,Jharkhand,OPEN,Neutral,25843,28751
Birla Institute of Technology Mesra Ranchi,AI and Machine Learning,Jharkhand,EWS,Neutral,6024,6103
Birla Institute of Technology Mesra Ranchi,AI and Machine Learning,Jharkhand,SC,Neutral,8709,9252
Birla Institute of Technology Mesra Ranchi,AI and Machine Learning,Jharkhand,ST,Neutral,6024,9162
Birla Institute of Technology Mesra Ranchi,BIOTECH,AI,OPEN,Neutral,49820,55578
Birla Institute of Technology Mesra Ranchi,BIOTECH,AI,EWS,Neutral,9724,9849
Birla Institute of Technology Mesra Ranchi,BIOTECH,AI,OBC-NCL,Neutral,18621,19106
Birla Institute of Technology Mesra Ranchi,BIOTECH,AI,SC,Neutral,8935,9779
Birla Institute of Technology Mesra Ranchi,BIOTECH,AI,ST,Neutral,4293,4293
Birla Institute of Technology Mesra Ranchi,BIOTECH,Jharkhand,OPEN,Neutral,74263,80459
Birla Institute of Technology Mesra Ranchi,BIOTECH,Jharkhand,EWS,Neutral,16521,16797
Birla Institute of Technology Mesra Ranchi,BIOTECH,Jharkhand,SC,Neutral,20261,20574
Birla Institute of Technology Mesra Ranchi,BIOTECH,Jharkhand,ST,Neutral,12691,29631
Birla Institute of Technology Mesra Ranchi,CHEMICAL,AI,OPEN,Neutral,28393,52487
Birla Institute of Technology Mesra Ranchi,CHEMICAL,AI,EWS,Neutral,8557,9375
Birla Institute of Technology Mesra Ranchi,CHEMICAL,AI,OBC-NCL,Neutral,15525,19295
Birla Institute of Technology Mesra Ranchi,CHEMICAL,AI,SC,Neutral,9059,11133
Birla Institute of Technology Mesra Ranchi,CHEMICAL,AI,ST,Neutral,4551,5651
Birla Institute of Technology Mesra Ranchi,CHEMICAL,Jharkhand,OPEN,Neutral,55115,75402
Birla Institute of Technology Mesra Ranchi,CHEMICAL,Jharkhand,EWS,Neutral,12672,15760
Birla Institute of Technology Mesra Ranchi,CHEMICAL,Jharkhand,SC,Neutral,17557,20182
Birla Institute of Technology Mesra Ranchi,CHEMICAL,Jharkhand,ST,Neutral,6434,22355
Birla Institute of Technology Mesra Ranchi,CIVIL,AI,OPEN,Neutral,34952,54720
Birla Institute of Technology Mesra Ranchi,CIVIL,AI,EWS,Neutral,9230,9307
Birla Institute of Technology Mesra Ranchi,CIVIL,AI,OBC-NCL,Neutral,16310,18615
Birla Institute of Technology Mesra Ranchi,CIVIL,AI,SC,Neutral,8633,10497
Birla Institute of Technology Mesra Ranchi,CIVIL,AI,ST,Neutral,3230,3418
Birla Institute of Technology Mesra Ranchi,CIVIL,Jharkhand,OPEN,Neutral,57255,73019
Birla Institute of Technology Mesra Ranchi,CIVIL,Jharkhand,EWS,Neutral,12159,15424
Birla Institute of Technology Mesra Ranchi,CIVIL,Jharkhand,SC,Neutral,13262,18426
Birla Institute of Technology Mesra Ranchi,CIVIL,Jharkhand,ST,Neutral,9324,16654
Birla Institute of Technology Mesra Ranchi,CSE,AI,OPEN,Neutral,10061,16401
Birla Institute of Technology Mesra Ranchi,CSE,AI,OPEN-PWD,Neutral,421,469
Birla Institute of Technology Mesra Ranchi,CSE,AI,EWS,Neutral,2449,3156
Birla Institute of Technology Mesra Ranchi,CSE,AI,OBC-NCL,Neutral,4500,8172
Birla Institute of Technology Mesra Ranchi,CSE,AI,OBC-NCL-PWD,Neutral,374,374
Birla Institute of Technology Mesra Ranchi,CSE,AI,SC,Neutral,3495,5243
Birla Institute of Technology Mesra Ranchi,CSE,AI,ST,Neutral,1415,2415
Birla Institute of Technology Mesra Ranchi,CSE,Jharkhand,OPEN,Neutral,16422,25662
Birla Institute of Technology Mesra Ranchi,CSE,Jharkhand,OPEN-PWD,Neutral,592,1898
Birla Institute of Technology Mesra Ranchi,CSE,Jharkhand,EWS,Neutral,3939,5780
Birla Institute of Technology Mesra Ranchi,CSE,Jharkhand,SC,Neutral,5831,8631
Birla Institute of Technology Mesra Ranchi,CSE,Jharkhand,ST,Neutral,2675,6041
Birla Institute of Technology Mesra Ranchi,Electrical and Electronics Engineering,AI,OPEN,Neutral,27349,31677
Birla Institute of Technology Mesra Ranchi,Electrical and Electronics Engineering,AI,EWS,Neutral,4985,5883
Birla Institute of Technology Mesra Ranchi,Electrical and Electronics Engineering,AI,OBC-NCL,Neutral,12321,13834
Birla Institute of Technology Mesra Ranchi,Electrical and Electronics Engineering,AI,SC,Neutral,6793,9080
Birla Institute of Technology Mesra Ranchi,Electrical and Electronics Engineering,AI,ST,Neutral,2836,4125
Birla Institute of Technology Mesra Ranchi,Electrical and Electronics Engineering,Jharkhand,OPEN,Neutral,34264,43915
Birla Institute of Technology Mesra Ranchi,Electrical and Electronics Engineering,Jharkhand,EWS,Neutral,9169,9334
Birla Institute of Technology Mesra Ranchi,Electrical and Electronics Engineering,Jharkhand,SC,Neutral,9339,12160
Birla Institute of Technology Mesra Ranchi,Electrical and Electronics Engineering,Jharkhand,ST,Neutral,8120,23882
Birla Institute of Technology Mesra Ranchi,ECE,AI,OPEN,Neutral,18658,27182
Birla Institute of Technology Mesra Ranchi,ECE,AI,OPEN-PWD,Neutral,2115,2551
Birla Institute of Technology Mesra Ranchi,ECE,AI,EWS,Neutral,4147,4744
Birla Institute of Technology Mesra Ranchi,ECE,AI,OBC-NCL,Neutral,8058,12267
Birla Institute of Technology Mesra Ranchi,ECE,AI,OBC-NCL-PWD,Neutral,1099,1099
Birla Institute of Technology Mesra Ranchi,ECE,AI,SC,Neutral,4726,8106
Birla Institute of Technology Mesra Ranchi,ECE,AI,ST,Neutral,1306,3910
Birla Institute of Technology Mesra Ranchi,ECE,Jharkhand,OPEN,Neutral,27746,38959
Birla Institute of Technology Mesra Ranchi,ECE,Jharkhand,OPEN-PWD,Neutral,2836,2836
Birla Institute of Technology Mesra Ranchi,ECE,Jharkhand,EWS,Neutral,6670,8092
Birla Institute of Technology Mesra Ranchi,ECE,Jharkhand,SC,Neutral,9419,11435
Birla Institute of Technology Mesra Ranchi,ECE,Jharkhand,ST,Neutral,5958,16472
Birla Institute of Technology Mesra Ranchi,Food Engineering  and Technology,AI,OPEN,Neutral,56025,59724
Birla Institute of Technology Mesra Ranchi,Food Engineering  and Technology,AI,EWS,Neutral,10199,10536
Birla Institute of Technology Mesra Ranchi,Food Engineering  and Technology,AI,OBC-NCL,Neutral,20499,20935
Birla Institute of Technology Mesra Ranchi,Food Engineering  and Technology,AI,SC,Neutral,11958,12135
Birla Institute of Technology Mesra Ranchi,Food Engineering  and Technology,AI,ST,Neutral,6729,6729
Birla Institute of Technology Mesra Ranchi,Food Engineering  and Technology,Jharkhand,OPEN,Neutral,79419,90915
Birla Institute of Technology Mesra Ranchi,Food Engineering  and Technology,Jharkhand,EWS,Neutral,20774,21127
Birla Institute of Technology Mesra Ranchi,Food Engineering  and Technology,Jharkhand,SC,Neutral,25387,26629
Birla Institute of Technology Mesra Ranchi,Food Engineering  and Technology,Jharkhand,ST,Neutral,35368,35368
Birla Institute of Technology Mesra Ranchi,Mathematics and Computing (5 Years Integrated MS),AI,OPEN,Neutral,23678,32362
Birla Institute of Technology Mesra Ranchi,Mathematics and Computing (5 Years Integrated MS),AI,EWS,Neutral,5307,5890
Birla Institute of Technology Mesra Ranchi,Mathematics and Computing (5 Years Integrated MS),AI,OBC-NCL,Neutral,8982,15726
Birla Institute of Technology Mesra Ranchi,Mathematics and Computing (5 Years Integrated MS),AI,SC,Neutral,8975,9456
Birla Institute of Technology Mesra Ranchi,Mathematics and Computing (5 Years Integrated MS),AI,ST,Neutral,4505,5460
Birla Institute of Technology Mesra Ranchi,Mathematics and Computing (5 Years Integrated MS),Jharkhand,OPEN,Neutral,37078,64865
Birla Institute of Technology Mesra Ranchi,Mathematics and Computing (5 Years Integrated MS),Jharkhand,EWS,Neutral,11036,11113
Birla Institute of Technology Mesra Ranchi,Mathematics and Computing (5 Years Integrated MS),Jharkhand,SC,Neutral,13302,18893
Birla Institute of Technology Mesra Ranchi,Mathematics and Computing (5 Years Integrated MS),Jharkhand,ST,Neutral,8157,8157
Birla Institute of Technology Mesra Ranchi,MECHANICAL,AI,OPEN,Neutral,28182,44661
Birla Institute of Technology Mesra Ranchi,MECHANICAL,AI,EWS,Neutral,7683,8304
Birla Institute of Technology Mesra Ranchi,MECHANICAL,AI,OBC-NCL,Neutral,15600,17736
Birla Institute of Technology Mesra Ranchi,MECHANICAL,AI,SC,Neutral,8113,10913
Birla Institute of Technology Mesra Ranchi,MECHANICAL,AI,ST,Neutral,3145,4544
Birla Institute of Technology Mesra Ranchi,MECHANICAL,Jharkhand,OPEN,Neutral,44806,59004
Birla Institute of Technology Mesra Ranchi,MECHANICAL,Jharkhand,EWS,Neutral,10224,11729
Birla Institute of Technology Mesra Ranchi,MECHANICAL,Jharkhand,SC,Neutral,14722,17573
Birla Institute of Technology Mesra Ranchi,MECHANICAL,Jharkhand,ST,Neutral,8151,28379
Birla Institute of Technology Mesra Ranchi,Physics (5 Years Integrated MS),AI,OPEN,Neutral,39767,57829
Birla Institute of Technology Mesra Ranchi,Physics (5 Years Integrated MS),AI,EWS,Neutral,10032,10456
Birla Institute of Technology Mesra Ranchi,Physics (5 Years Integrated MS),AI,OBC-NCL,Neutral,18931,20661
Birla Institute of Technology Mesra Ranchi,Physics (5 Years Integrated MS),AI,SC,Neutral,10962,12088
Birla Institute of Technology Mesra Ranchi,Physics (5 Years Integrated MS),AI,ST,Neutral,6268,6268
Birla Institute of Technology Mesra Ranchi,Physics (5 Years Integrated MS),Jharkhand,OPEN,Neutral,72112,100280
Birla Institute of Technology Mesra Ranchi,Physics (5 Years Integrated MS),Jharkhand,EWS,Neutral,17951,18232
Birla Institute of Technology Mesra Ranchi,Physics (5 Years Integrated MS),Jharkhand,SC,Neutral,22812,22812
Birla Institute of Technology Mesra Ranchi,IPE,AI,OPEN,Neutral,45522,55867
Birla Institute of Technology Mesra Ranchi,IPE,AI,EWS,Neutral,9395,9712
Birla Institute of Technology Mesra Ranchi,IPE,AI,OBC-NCL,Neutral,18581,20249
Birla Institute of Technology Mesra Ranchi,IPE,AI,SC,Neutral,10671,11707
Birla Institute of Technology Mesra Ranchi,IPE,AI,ST,Neutral,5375,6171
Birla Institute of Technology Mesra Ranchi,IPE,Jharkhand,OPEN,Neutral,58600,79191
Birla Institute of Technology Mesra Ranchi,IPE,Jharkhand,EWS,Neutral,14504,17570
Birla Institute of Technology Mesra Ranchi,IPE,Jharkhand,SC,Neutral,21096,24581
Birla Institute of Technology Mesra Ranchi,IPE,Jharkhand,ST,Neutral,18451,18451
Birla Institute of Technology Mesra Ranchi,Quantitative Economics & Data Science (5 Years Integrated MS),AI,OPEN,Neutral,29812,36200
Birla Institute of Technology Mesra Ranchi,Quantitative Economics & Data Science (5 Years Integrated MS),AI,EWS,Neutral,6811,7333
Birla Institute of Technology Mesra Ranchi,Quantitative Economics & Data Science (5 Years Integrated MS),AI,OBC-NCL,Neutral,16180,16745
Birla Institute of Technology Mesra Ranchi,Quantitative Economics & Data Science (5 Years Integrated MS),AI,SC,Neutral,9750,10708
Birla Institute of Technology Mesra Ranchi,Quantitative Economics & Data Science (5 Years Integrated MS),AI,ST,Neutral,5165,5165
Birla Institute of Technology Mesra Ranchi,Quantitative Economics & Data Science (5 Years Integrated MS),Jharkhand,OPEN,Neutral,58957,74609
Birla Institute of Technology Mesra Ranchi,Quantitative Economics & Data Science (5 Years Integrated MS),Jharkhand,EWS,Neutral,12427,12427
Birla Institute of Technology Mesra Ranchi,Quantitative Economics & Data Science (5 Years Integrated MS),Jharkhand,SC,Neutral,20955,20955
Gurukula Kangri Vishwavidyalaya Haridwar,CSE,AI,OPEN,Neutral,41208,66702
Gurukula Kangri Vishwavidyalaya Haridwar,CSE,AI,EWS,Neutral,11046,12003
Gurukula Kangri Vishwavidyalaya Haridwar,CSE,AI,OBC-NCL,Neutral,19776,23859
Gurukula Kangri Vishwavidyalaya Haridwar,CSE,AI,SC,Neutral,8718,12447
Gurukula Kangri Vishwavidyalaya Haridwar,CSE,AI,ST,Neutral,1189,5805
Gurukula Kangri Vishwavidyalaya Haridwar,EE,AI,OPEN,Neutral,61199,84778
Gurukula Kangri Vishwavidyalaya Haridwar,EE,AI,EWS,Neutral,14060,14587
Gurukula Kangri Vishwavidyalaya Haridwar,EE,AI,OBC-NCL,Neutral,25771,29777
Gurukula Kangri Vishwavidyalaya Haridwar,EE,AI,SC,Neutral,10646,14735
Gurukula Kangri Vishwavidyalaya Haridwar,EE,AI,ST,Neutral,5719,7007
Gurukula Kangri Vishwavidyalaya Haridwar,ECE,AI,OPEN,Neutral,59354,77868
Gurukula Kangri Vishwavidyalaya Haridwar,ECE,AI,EWS,Neutral,12910,13483
Gurukula Kangri Vishwavidyalaya Haridwar,ECE,AI,OBC-NCL,Neutral,23909,28269
Gurukula Kangri Vishwavidyalaya Haridwar,ECE,AI,SC,Neutral,12240,14358
Gurukula Kangri Vishwavidyalaya Haridwar,ECE,AI,ST,Neutral,6222,6893
Gurukula Kangri Vishwavidyalaya Haridwar,MECHANICAL,AI,OPEN,Neutral,61710,90475
Gurukula Kangri Vishwavidyalaya Haridwar,MECHANICAL,AI,EWS,Neutral,14825,15306
Gurukula Kangri Vishwavidyalaya Haridwar,MECHANICAL,AI,OBC-NCL,Neutral,28221,31021
Gurukula Kangri Vishwavidyalaya Haridwar,MECHANICAL,AI,SC,Neutral,11179,15038
Gurukula Kangri Vishwavidyalaya Haridwar,MECHANICAL,AI,ST,Neutral,4783,7383
Indian Institute of Carpet Technology Bhadohi,Carpet and Textile Technology,AI,OPEN,Neutral,69953,100912
Indian Institute of Carpet Technology Bhadohi,Carpet and Textile Technology,AI,EWS,Neutral,16633,16697
Indian Institute of Carpet Technology Bhadohi,Carpet and Textile Technology,AI,OBC-NCL,Neutral,31394,32295
Indian Institute of Carpet Technology Bhadohi,Carpet and Textile Technology,AI,SC,Neutral,13303,15706
Indian Institute of Carpet Technology Bhadohi,Carpet and Textile Technology,AI,ST,Neutral,5801,5801
Institute of Infrastructure Technology Research and Management-Ahmedabad,CIVIL,AI,OPEN,Neutral,58700,63664
Institute of Infrastructure Technology Research and Management-Ahmedabad,CIVIL,AI,EWS,Neutral,10963,11234
Institute of Infrastructure Technology Research and Management-Ahmedabad,CIVIL,AI,OBC-NCL,Neutral,18693,22637
Institute of Infrastructure Technology Research and Management-Ahmedabad,CIVIL,AI,SC,Neutral,8716,11854
Institute of Infrastructure Technology Research and Management-Ahmedabad,CIVIL,AI,ST,Neutral,2932,4250
Institute of Infrastructure Technology Research and Management-Ahmedabad,CSE,AI,OPEN,Neutral,31807,39867
Institute of Infrastructure Technology Research and Management-Ahmedabad,CSE,AI,OPEN-PWD,Neutral,1559,1559
Institute of Infrastructure Technology Research and Management-Ahmedabad,CSE,AI,EWS,Neutral,6424,6565
Institute of Infrastructure Technology Research and Management-Ahmedabad,CSE,AI,OBC-NCL,Neutral,12064,16076
Institute of Infrastructure Technology Research and Management-Ahmedabad,CSE,AI,SC,Neutral,6157,9407
Institute of Infrastructure Technology Research and Management-Ahmedabad,CSE,AI,ST,Neutral,5191,5475
Institute of Infrastructure Technology Research and Management-Ahmedabad,EE,AI,OPEN,Neutral,45061,52022
Institute of Infrastructure Technology Research and Management-Ahmedabad,EE,AI,EWS,Neutral,9161,10461
Institute of Infrastructure Technology Research and Management-Ahmedabad,EE,AI,OBC-NCL,Neutral,16691,20227
Institute of Infrastructure Technology Research and Management-Ahmedabad,EE,AI,SC,Neutral,11056,11558
Institute of Infrastructure Technology Research and Management-Ahmedabad,EE,AI,ST,Neutral,4560,5616
Institute of Infrastructure Technology Research and Management-Ahmedabad,MECHANICAL,AI,OPEN,Neutral,52578,59939
Institute of Infrastructure Technology Research and Management-Ahmedabad,MECHANICAL,AI,EWS,Neutral,9945,10753
Institute of Infrastructure Technology Research and Management-Ahmedabad,MECHANICAL,AI,OBC-NCL,Neutral,20472,23216
Institute of Infrastructure Technology Research and Management-Ahmedabad,MECHANICAL,AI,SC,Neutral,11562,12285
Institute of Infrastructure Technology Research and Management-Ahmedabad,MECHANICAL,AI,ST,Neutral,2036,5672
School of Studies of Engineering and Technology Guru Ghasidas Vishwavidyalaya Bilaspur,CHEMICAL,AI,OPEN,Neutral,60224,81167
School of Studies of Engineering and Technology Guru Ghasidas Vishwavidyalaya Bilaspur,CHEMICAL,AI,EWS,Neutral,13416,14613
School of Studies of Engineering and Technology Guru Ghasidas Vishwavidyalaya Bilaspur,CHEMICAL,AI,OBC-NCL,Neutral,24495,30253
School of Studies of Engineering and Technology Guru Ghasidas Vishwavidyalaya Bilaspur,CHEMICAL,AI,SC,Neutral,9554,13715
School of Studies of Engineering and Technology Guru Ghasidas Vishwavidyalaya Bilaspur,CHEMICAL,AI,ST,Neutral,4288,6452
School of Studies of Engineering and Technology Guru Ghasidas Vishwavidyalaya Bilaspur,CIVIL,AI,OPEN,Neutral,47777,85821
School of Studies of Engineering and Technology Guru Ghasidas Vishwavidyalaya Bilaspur,CIVIL,AI,EWS,Neutral,14292,14745
School of Studies of Engineering and Technology Guru Ghasidas Vishwavidyalaya Bilaspur,CIVIL,AI,OBC-NCL,Neutral,26924,30137
School of Studies of Engineering and Technology Guru Ghasidas Vishwavidyalaya Bilaspur,CIVIL,AI,SC,Neutral,12078,13907
School of Studies of Engineering and Technology Guru Ghasidas Vishwavidyalaya Bilaspur,CIVIL,AI,ST,Neutral,4473,5317
School of Studies of Engineering and Technology Guru Ghasidas Vishwavidyalaya Bilaspur,CSE,AI,OPEN,Neutral,31305,58070
School of Studies of Engineering and Technology Guru Ghasidas Vishwavidyalaya Bilaspur,CSE,AI,OPEN-PWD,Neutral,2271,2271
School of Studies of Engineering and Technology Guru Ghasidas Vishwavidyalaya Bilaspur,CSE,AI,EWS,Neutral,9522,10158
School of Studies of Engineering and Technology Guru Ghasidas Vishwavidyalaya Bilaspur,CSE,AI,OBC-NCL,Neutral,17075,21383
School of Studies of Engineering and Technology Guru Ghasidas Vishwavidyalaya Bilaspur,CSE,AI,OBC-NCL-PWD,Neutral,1198,1198
School of Studies of Engineering and Technology Guru Ghasidas Vishwavidyalaya Bilaspur,CSE,AI,SC,Neutral,5354,11134
School of Studies of Engineering and Technology Guru Ghasidas Vishwavidyalaya Bilaspur,CSE,AI,ST,Neutral,2657,5073
School of Studies of Engineering and Technology Guru Ghasidas Vishwavidyalaya Bilaspur,ECE,AI,OPEN,Neutral,53481,76503
School of Studies of Engineering and Technology Guru Ghasidas Vishwavidyalaya Bilaspur,ECE,AI,EWS,Neutral,12536,13318
School of Studies of Engineering and Technology Guru Ghasidas Vishwavidyalaya Bilaspur,ECE,AI,OBC-NCL,Neutral,23264,26332
School of Studies of Engineering and Technology Guru Ghasidas Vishwavidyalaya Bilaspur,ECE,AI,SC,Neutral,9749,13367
School of Studies of Engineering and Technology Guru Ghasidas Vishwavidyalaya Bilaspur,ECE,AI,ST,Neutral,4380,6091
School of Studies of Engineering and Technology Guru Ghasidas Vishwavidyalaya Bilaspur,IPE,AI,OPEN,Neutral,90157,98262
School of Studies of Engineering and Technology Guru Ghasidas Vishwavidyalaya Bilaspur,IPE,AI,EWS,Neutral,16186,16748
School of Studies of Engineering and Technology Guru Ghasidas Vishwavidyalaya Bilaspur,IPE,AI,OBC-NCL,Neutral,31035,33152
School of Studies of Engineering and Technology Guru Ghasidas Vishwavidyalaya Bilaspur,IPE,AI,SC,Neutral,13714,15656
School of Studies of Engineering and Technology Guru Ghasidas Vishwavidyalaya Bilaspur,IPE,AI,ST,Neutral,6695,7857
School of Studies of Engineering and Technology Guru Ghasidas Vishwavidyalaya Bilaspur,IT,AI,OPEN,Neutral,55447,71089
School of Studies of Engineering and Technology Guru Ghasidas Vishwavidyalaya Bilaspur,IT,AI,OPEN-PWD,Neutral,2696,2696
School of Studies of Engineering and Technology Guru Ghasidas Vishwavidyalaya Bilaspur,IT,AI,EWS,Neutral,11866,12408
School of Studies of Engineering and Technology Guru Ghasidas Vishwavidyalaya Bilaspur,IT,AI,OBC-NCL,Neutral,21385,24807
School of Studies of Engineering and Technology Guru Ghasidas Vishwavidyalaya Bilaspur,IT,AI,SC,Neutral,9262,11818
School of Studies of Engineering and Technology Guru Ghasidas Vishwavidyalaya Bilaspur,IT,AI,ST,Neutral,4081,6251
School of Studies of Engineering and Technology Guru Ghasidas Vishwavidyalaya Bilaspur,MECHANICAL,AI,OPEN,Neutral,58761,89493
School of Studies of Engineering and Technology Guru Ghasidas Vishwavidyalaya Bilaspur,MECHANICAL,AI,EWS,Neutral,14791,15373
School of Studies of Engineering and Technology Guru Ghasidas Vishwavidyalaya Bilaspur,MECHANICAL,AI,OBC-NCL,Neutral,27993,30842
School of Studies of Engineering and Technology Guru Ghasidas Vishwavidyalaya Bilaspur,MECHANICAL,AI,SC,Neutral,12692,14907
School of Studies of Engineering and Technology Guru Ghasidas Vishwavidyalaya Bilaspur,MECHANICAL,AI,ST,Neutral,5495,6383
J.K. Institute of Applied Physics & Technology Department of Electronics & Communication University of Allahabad- Allahabad,CSE,AI,OPEN,Neutral,29970,47381
J.K. Institute of Applied Physics & Technology Department of Electronics & Communication University of Allahabad- Allahabad,CSE,AI,OPEN-PWD,Neutral,1656,1656
J.K. Institute of Applied Physics & Technology Department of Electronics & Communication University of Allahabad- Allahabad,CSE,AI,EWS,Neutral,7936,8820
J.K. Institute of Applied Physics & Technology Department of Electronics & Communication University of Allahabad- Allahabad,CSE,AI,OBC-NCL,Neutral,16859,18477
J.K. Institute of Applied Physics & Technology Department of Electronics & Communication University of Allahabad- Allahabad,CSE,AI,SC,Neutral,6107,10199
J.K. Institute of Applied Physics & Technology Department of Electronics & Communication University of Allahabad- Allahabad,CSE,AI,ST,Neutral,3614,5257
J.K. Institute of Applied Physics & Technology Department of Electronics & Communication University of Allahabad- Allahabad,ECE,AI,OPEN,Neutral,45057,57081
J.K. Institute of Applied Physics & Technology Department of Electronics & Communication University of Allahabad- Allahabad,ECE,AI,OPEN-PWD,Neutral,1437,1437
J.K. Institute of Applied Physics & Technology Department of Electronics & Communication University of Allahabad- Allahabad,ECE,AI,EWS,Neutral,9352,10233
J.K. Institute of Applied Physics & Technology Department of Electronics & Communication University of Allahabad- Allahabad,ECE,AI,OBC-NCL,Neutral,17044,20002
J.K. Institute of Applied Physics & Technology Department of Electronics & Communication University of Allahabad- Allahabad,ECE,AI,SC,Neutral,9287,11358
J.K. Institute of Applied Physics & Technology Department of Electronics & Communication University of Allahabad- Allahabad,ECE,AI,ST,Neutral,5377,6154
National Institute of Electronics and Information Technology Aurangabad (Maharashtra),Electronics System Engineering,AI,OPEN,Neutral,45941,59675
National Institute of Electronics and Information Technology Aurangabad (Maharashtra),Electronics System Engineering,AI,EWS,Neutral,9791,10666
National Institute of Electronics and Information Technology Aurangabad (Maharashtra),Electronics System Engineering,AI,OBC-NCL,Neutral,17343,20835
National Institute of Electronics and Information Technology Aurangabad (Maharashtra),Electronics System Engineering,AI,SC,Neutral,10559,12098
National Institute of Electronics and Information Technology Aurangabad (Maharashtra),Electronics System Engineering,AI,ST,Neutral,4807,6046
National Institute of Advanced Manufacturing Technology Ranchi,CSE,AI,OPEN,Neutral,33229,49674
National Institute of Advanced Manufacturing Technology Ranchi,CSE,AI,OPEN,Female,27316,51819
National Institute of Advanced Manufacturing Technology Ranchi,CSE,AI,OPEN-PWD,Neutral,2170,2170
National Institute of Advanced Manufacturing Technology Ranchi,CSE,AI,EWS,Neutral,8590,8994
National Institute of Advanced Manufacturing Technology Ranchi,CSE,AI,EWS,Female,9142,9142
National Institute of Advanced Manufacturing Technology Ranchi,CSE,AI,OBC-NCL,Neutral,14441,18913
National Institute of Advanced Manufacturing Technology Ranchi,CSE,AI,OBC-NCL,Female,18475,20638
National Institute of Advanced Manufacturing Technology Ranchi,CSE,AI,SC,Neutral,7687,9893
National Institute of Advanced Manufacturing Technology Ranchi,CSE,AI,SC,Female,9325,10338
National Institute of Advanced Manufacturing Technology Ranchi,CSE,AI,ST,Neutral,2493,4697
National Institute of Advanced Manufacturing Technology Ranchi,CSE,AI,ST,Female,3995,3995
National Institute of Advanced Manufacturing Technology Ranchi,MECHANICAL,AI,OPEN,Neutral,43048,65805
National Institute of Advanced Manufacturing Technology Ranchi,MECHANICAL,AI,OPEN,Female,53367,67573
National Institute of Advanced Manufacturing Technology Ranchi,MECHANICAL,AI,EWS,Neutral,10816,12036
National Institute of Advanced Manufacturing Technology Ranchi,MECHANICAL,AI,EWS,Female,11986,13679
National Institute of Advanced Manufacturing Technology Ranchi,MECHANICAL,AI,OBC-NCL,Neutral,19458,23996
National Institute of Advanced Manufacturing Technology Ranchi,MECHANICAL,AI,OBC-NCL,Female,21497,24336
National Institute of Advanced Manufacturing Technology Ranchi,MECHANICAL,AI,SC,Neutral,10492,13541
National Institute of Advanced Manufacturing Technology Ranchi,MECHANICAL,AI,SC,Female,12933,13772
National Institute of Advanced Manufacturing Technology Ranchi,MECHANICAL,AI,ST,Neutral,4852,5979
National Institute of Advanced Manufacturing Technology Ranchi,MECHANICAL,AI,ST,Female,5013,5013
National Institute of Advanced Manufacturing Technology Ranchi,METALLURGY,AI,OPEN,Neutral,52878,80719
National Institute of Advanced Manufacturing Technology Ranchi,METALLURGY,AI,OPEN,Female,46691,79071
National Institute of Advanced Manufacturing Technology Ranchi,METALLURGY,AI,EWS,Neutral,13286,14687
National Institute of Advanced Manufacturing Technology Ranchi,METALLURGY,AI,EWS,Female,13242,13242
National Institute of Advanced Manufacturing Technology Ranchi,METALLURGY,AI,OBC-NCL,Neutral,24529,30474
National Institute of Advanced Manufacturing Technology Ranchi,METALLURGY,AI,OBC-NCL,Female,24389,25671
National Institute of Advanced Manufacturing Technology Ranchi,METALLURGY,AI,SC,Neutral,12009,15130
National Institute of Advanced Manufacturing Technology Ranchi,METALLURGY,AI,SC,Female,11591,13245
National Institute of Advanced Manufacturing Technology Ranchi,METALLURGY,AI,ST,Neutral,4419,6493
National Institute of Advanced Manufacturing Technology Ranchi,METALLURGY,AI,ST,Female,6474,6474
National Institute of Advanced Manufacturing Technology Ranchi,IPE,AI,OPEN,Neutral,58484,82221
National Institute of Advanced Manufacturing Technology Ranchi,IPE,AI,OPEN,Female,61255,73243
National Institute of Advanced Manufacturing Technology Ranchi,IPE,AI,EWS,Neutral,14174,14849
National Institute of Advanced Manufacturing Technology Ranchi,IPE,AI,EWS,Female,13668,13668
National Institute of Advanced Manufacturing Technology Ranchi,IPE,AI,OBC-NCL,Neutral,25461,29831
National Institute of Advanced Manufacturing Technology Ranchi,IPE,AI,OBC-NCL,Female,26268,30109
National Institute of Advanced Manufacturing Technology Ranchi,IPE,AI,SC,Neutral,13242,15049
National Institute of Advanced Manufacturing Technology Ranchi,IPE,AI,SC,Female,12450,15411
National Institute of Advanced Manufacturing Technology Ranchi,IPE,AI,ST,Neutral,4035,7391
National Institute of Advanced Manufacturing Technology Ranchi,IPE,AI,ST,Female,6485,6485
Sant Longowal Institute of Engineering and Technology,CHEMICAL,AI,OPEN,Neutral,67357,81037
Sant Longowal Institute of Engineering and Technology,CHEMICAL,AI,EWS,Neutral,14114,14355
Sant Longowal Institute of Engineering and Technology,CHEMICAL,AI,OBC-NCL,Neutral,24585,29278
Sant Longowal Institute of Engineering and Technology,CHEMICAL,AI,SC,Neutral,12333,13825
Sant Longowal Institute of Engineering and Technology,CHEMICAL,AI,ST,Neutral,5699,5838
Sant Longowal Institute of Engineering and Technology,CSE,AI,OPEN,Neutral,33566,54514
Sant Longowal Institute of Engineering and Technology,CSE,AI,OPEN-PWD,Neutral,2127,2127
Sant Longowal Institute of Engineering and Technology,CSE,AI,EWS,Neutral,9010,9684
Sant Longowal Institute of Engineering and Technology,CSE,AI,OBC-NCL,Neutral,15756,19594
Sant Longowal Institute of Engineering and Technology,CSE,AI,SC,Neutral,9327,10602
Sant Longowal Institute of Engineering and Technology,CSE,AI,ST,Neutral,3983,5389
Sant Longowal Institute of Engineering and Technology,EE,AI,OPEN,Neutral,56663,70225
Sant Longowal Institute of Engineering and Technology,EE,AI,EWS,Neutral,11799,12283
Sant Longowal Institute of Engineering and Technology,EE,AI,OBC-NCL,Neutral,21548,24059
Sant Longowal Institute of Engineering and Technology,EE,AI,SC,Neutral,11777,12468
Sant Longowal Institute of Engineering and Technology,EE,AI,ST,Neutral,5140,5797
Sant Longowal Institute of Engineering and Technology,ECE,AI,OPEN,Neutral,56198,64872
Sant Longowal Institute of Engineering and Technology,ECE,AI,EWS,Neutral,10607,10671
Sant Longowal Institute of Engineering and Technology,ECE,AI,OBC-NCL,Neutral,20024,22017
Sant Longowal Institute of Engineering and Technology,ECE,AI,SC,Neutral,9736,11748
Sant Longowal Institute of Engineering and Technology,ECE,AI,ST,Neutral,4943,5366
Sant Longowal Institute of Engineering and Technology,Food Technology,AI,OPEN,Neutral,84943,99798
Sant Longowal Institute of Engineering and Technology,Food Technology,AI,EWS,Neutral,16439,16792
Sant Longowal Institute of Engineering and Technology,Food Technology,AI,OBC-NCL,Neutral,32247,33871
Sant Longowal Institute of Engineering and Technology,Food Technology,AI,SC,Neutral,13595,15463
Sant Longowal Institute of Engineering and Technology,Food Technology,AI,ST,Neutral,7423,7885
Sant Longowal Institute of Engineering and Technology,ICE,AI,OPEN,Neutral,66059,85431
Sant Longowal Institute of Engineering and Technology,ICE,AI,EWS,Neutral,14455,15178
Sant Longowal Institute of Engineering and Technology,ICE,AI,OBC-NCL,Neutral,27746,31196
Sant Longowal Institute of Engineering and Technology,ICE,AI,SC,Neutral,13013,15145
Sant Longowal Institute of Engineering and Technology,ICE,AI,ST,Neutral,7703,7703
Sant Longowal Institute of Engineering and Technology,MECHANICAL,AI,OPEN,Neutral,60796,88700
Sant Longowal Institute of Engineering and Technology,MECHANICAL,AI,EWS,Neutral,14634,15255
Sant Longowal Institute of Engineering and Technology,MECHANICAL,AI,OBC-NCL,Neutral,27044,30913
Sant Longowal Institute of Engineering and Technology,MECHANICAL,AI,SC,Neutral,10620,15041
Sant Longowal Institute of Engineering and Technology,MECHANICAL,AI,ST,Neutral,5785,7420
Mizoram University Aizawl,Architecture  (5 Years Bachelor of Architecture),AI,OPEN,Neutral,1070,1299
Mizoram University Aizawl,Architecture  (5 Years Bachelor of Architecture),AI,EWS,Neutral,586,626
Mizoram University Aizawl,Architecture  (5 Years Bachelor of Architecture),AI,SC,Neutral,400,442
Mizoram University Aizawl,Architecture  (5 Years Bachelor of Architecture),AI,ST,Neutral,258,272
Mizoram University Aizawl,CIVIL,AI,OPEN,Neutral,70497,86514
Mizoram University Aizawl,CIVIL,AI,EWS,Neutral,14650,14751
Mizoram University Aizawl,CIVIL,AI,SC,Neutral,12441,13729
Mizoram University Aizawl,CIVIL,AI,ST,Neutral,5421,6639
Mizoram University Aizawl,CSE,AI,OPEN,Neutral,57909,66981
Mizoram University Aizawl,CSE,AI,OPEN-PWD,Neutral,2786,2786
Mizoram University Aizawl,CSE,AI,EWS,Neutral,11116,11117
Mizoram University Aizawl,CSE,AI,SC,Neutral,10737,11203
Mizoram University Aizawl,CSE,AI,ST,Neutral,5798,6378
Mizoram University Aizawl,EE,AI,OPEN,Neutral,76194,82713
Mizoram University Aizawl,EE,AI,EWS,Neutral,13710,14232
Mizoram University Aizawl,EE,AI,SC,Neutral,13173,13817
Mizoram University Aizawl,EE,AI,ST,Neutral,3374,7002
Mizoram University Aizawl,ECE,AI,OPEN,Neutral,74695,77715
Mizoram University Aizawl,ECE,AI,EWS,Neutral,12675,13315
Mizoram University Aizawl,ECE,AI,SC,Neutral,11475,12312
Mizoram University Aizawl,ECE,AI,ST,Neutral,6155,6993
Mizoram University Aizawl,IT,AI,OPEN,Neutral,65018,71387
Mizoram University Aizawl,IT,AI,EWS,Neutral,12128,12280
Mizoram University Aizawl,IT,AI,SC,Neutral,12525,12907
Mizoram University Aizawl,IT,AI,ST,Neutral,4263,6608
School of Engineering Tezpur University Napaam Tezpur,CIVIL,AI,OPEN,Neutral,69925,87115
School of Engineering Tezpur University Napaam Tezpur,CIVIL,AI,EWS,Neutral,14254,14654
School of Engineering Tezpur University Napaam Tezpur,CIVIL,AI,OBC-NCL,Neutral,26488,29565
School of Engineering Tezpur University Napaam Tezpur,CIVIL,AI,SC,Neutral,10303,11424
School of Engineering Tezpur University Napaam Tezpur,CIVIL,AI,ST,Neutral,3202,3684
School of Engineering Tezpur University Napaam Tezpur,CSE,AI,OPEN,Neutral,41816,54313
School of Engineering Tezpur University Napaam Tezpur,CSE,AI,EWS,Neutral,8959,9544
School of Engineering Tezpur University Napaam Tezpur,CSE,AI,OBC-NCL,Neutral,17003,20173
School of Engineering Tezpur University Napaam Tezpur,CSE,AI,SC,Neutral,9374,10719
School of Engineering Tezpur University Napaam Tezpur,CSE,AI,ST,Neutral,2339,2339
School of Engineering Tezpur University Napaam Tezpur,EE,AI,OPEN,Neutral,54262,73276
School of Engineering Tezpur University Napaam Tezpur,EE,AI,EWS,Neutral,12313,12313
School of Engineering Tezpur University Napaam Tezpur,EE,AI,OBC-NCL,Neutral,24176,24894
School of Engineering Tezpur University Napaam Tezpur,EE,AI,SC,Neutral,12508,12546
School of Engineering Tezpur University Napaam Tezpur,EE,AI,ST,Neutral,3977,3977
School of Engineering Tezpur University Napaam Tezpur,ECE,AI,OPEN,Neutral,57051,69686
School of Engineering Tezpur University Napaam Tezpur,ECE,AI,EWS,Neutral,11472,11530
School of Engineering Tezpur University Napaam Tezpur,ECE,AI,OBC-NCL,Neutral,20979,23506
School of Engineering Tezpur University Napaam Tezpur,ECE,AI,SC,Neutral,10784,12156
School of Engineering Tezpur University Napaam Tezpur,ECE,AI,ST,Neutral,3168,3588
School of Engineering Tezpur University Napaam Tezpur,Food Engineering  and Technology,AI,OPEN,Neutral,80269,99992
School of Engineering Tezpur University Napaam Tezpur,Food Engineering  and Technology,AI,EWS,Neutral,16922,16926
School of Engineering Tezpur University Napaam Tezpur,Food Engineering  and Technology,AI,OBC-NCL,Neutral,31647,34104
School of Engineering Tezpur University Napaam Tezpur,Food Engineering  and Technology,AI,SC,Neutral,13186,15667
School of Engineering Tezpur University Napaam Tezpur,Food Engineering  and Technology,AI,ST,Neutral,4382,4382
School of Engineering Tezpur University Napaam Tezpur,MECHANICAL,AI,OPEN,Neutral,59618,85322
School of Engineering Tezpur University Napaam Tezpur,MECHANICAL,AI,EWS,Neutral,14196,14807
School of Engineering Tezpur University Napaam Tezpur,MECHANICAL,AI,OBC-NCL,Neutral,27313,30431
School of Engineering Tezpur University Napaam Tezpur,MECHANICAL,AI,SC,Neutral,10233,13181
School of Engineering Tezpur University Napaam Tezpur,MECHANICAL,AI,ST,Neutral,3980,4092
School of Planning & Architecture Bhopal,Architecture  (5 Years Bachelor of Architecture),AI,OPEN,Neutral,124,345
School of Planning & Architecture Bhopal,Architecture  (5 Years Bachelor of Architecture),AI,EWS,Neutral,96,214
School of Planning & Architecture Bhopal,Architecture  (5 Years Bachelor of Architecture),AI,OBC-NCL,Neutral,118,293
School of Planning & Architecture Bhopal,Architecture  (5 Years Bachelor of Architecture),AI,SC,Neutral,36,208
School of Planning & Architecture Bhopal,Architecture  (5 Years Bachelor of Architecture),AI,ST,Neutral,8,92
School of Planning & Architecture Bhopal,Planning (4 Years Bachelor of Planning),AI,OPEN,Neutral,388,818
School of Planning & Architecture Bhopal,Planning (4 Years Bachelor of Planning),AI,EWS,Neutral,473,529
School of Planning & Architecture Bhopal,Planning (4 Years Bachelor of Planning),AI,OBC-NCL,Neutral,283,511
School of Planning & Architecture Bhopal,Planning (4 Years Bachelor of Planning),AI,SC,Neutral,77,221
School of Planning & Architecture Bhopal,Planning (4 Years Bachelor of Planning),AI,ST,Neutral,52,89
School of Planning & Architecture New Delhi,Architecture  (5 Years Bachelor of Architecture),AI,OPEN,Neutral,6,138
School of Planning & Architecture New Delhi,Architecture  (5 Years Bachelor of Architecture),AI,OPEN-PWD,Neutral,6,44
School of Planning & Architecture New Delhi,Architecture  (5 Years Bachelor of Architecture),AI,EWS,Neutral,20,83
School of Planning & Architecture New Delhi,Architecture  (5 Years Bachelor of Architecture),AI,OBC-NCL,Neutral,52,186
School of Planning & Architecture New Delhi,Architecture  (5 Years Bachelor of Architecture),AI,SC,Neutral,10,104
School of Planning & Architecture New Delhi,Architecture  (5 Years Bachelor of Architecture),AI,ST,Neutral,1,24
School of Planning & Architecture New Delhi,Planning (4 Years Bachelor of Planning),AI,OPEN,Neutral,63,330
School of Planning & Architecture New Delhi,Planning (4 Years Bachelor of Planning),AI,OPEN-PWD,Neutral,53,53
School of Planning & Architecture New Delhi,Planning (4 Years Bachelor of Planning),AI,EWS,Neutral,66,195
School of Planning & Architecture New Delhi,Planning (4 Years Bachelor of Planning),AI,OBC-NCL,Neutral,93,279
School of Planning & Architecture New Delhi,Planning (4 Years Bachelor of Planning),AI,SC,Neutral,56,94
School of Planning & Architecture New Delhi,Planning (4 Years Bachelor of Planning),AI,ST,Neutral,14,29
School of Planning & Architecture Vijayawada,Architecture  (5 Years Bachelor of Architecture),AI,OPEN,Neutral,83,461
School of Planning & Architecture Vijayawada,Architecture  (5 Years Bachelor of Architecture),AI,EWS,Neutral,32,186
School of Planning & Architecture Vijayawada,Architecture  (5 Years Bachelor of Architecture),AI,OBC-NCL,Neutral,143,312
School of Planning & Architecture Vijayawada,Architecture  (5 Years Bachelor of Architecture),AI,SC,Neutral,12,240
School of Planning & Architecture Vijayawada,Architecture  (5 Years Bachelor of Architecture),AI,ST,Neutral,70,178
School of Planning & Architecture Vijayawada,Planning (4 Years Bachelor of Planning),AI,OPEN,Neutral,39,782
School of Planning & Architecture Vijayawada,Planning (4 Years Bachelor of Planning),AI,EWS,Neutral,328,475
School of Planning & Architecture Vijayawada,Planning (4 Years Bachelor of Planning),AI,OBC-NCL,Neutral,242,467
School of Planning & Architecture Vijayawada,Planning (4 Years Bachelor of Planning),AI,SC,Neutral,78,157
School of Planning & Architecture Vijayawada,Planning (4 Years Bachelor of Planning),AI,ST,Neutral,168,177
Shri Mata Vaishno Devi University Katra Jammu & Kashmir,Architecture  (5 Years Bachelor of Architecture),AI,OPEN,Neutral,985,1245
Shri Mata Vaishno Devi University Katra Jammu & Kashmir,Architecture  (5 Years Bachelor of Architecture),AI,EWS,Neutral,610,636
Shri Mata Vaishno Devi University Katra Jammu & Kashmir,Architecture  (5 Years Bachelor of Architecture),AI,OBC-NCL,Neutral,579,622
Shri Mata Vaishno Devi University Katra Jammu & Kashmir,Architecture  (5 Years Bachelor of Architecture),AI,SC,Neutral,434,462
Shri Mata Vaishno Devi University Katra Jammu & Kashmir,Architecture  (5 Years Bachelor of Architecture),AI,ST,Neutral,192,251
Shri Mata Vaishno Devi University Katra Jammu & Kashmir,CIVIL,AI,OPEN,Neutral,81749,88098
Shri Mata Vaishno Devi University Katra Jammu & Kashmir,CIVIL,AI,EWS,Neutral,14816,14823
Shri Mata Vaishno Devi University Katra Jammu & Kashmir,CIVIL,AI,OBC-NCL,Neutral,27637,29492
Shri Mata Vaishno Devi University Katra Jammu & Kashmir,CIVIL,AI,SC,Neutral,10980,14014
Shri Mata Vaishno Devi University Katra Jammu & Kashmir,CIVIL,AI,ST,Neutral,4889,5774
Shri Mata Vaishno Devi University Katra Jammu & Kashmir,CSE,AI,OPEN,Neutral,46281,65013
Shri Mata Vaishno Devi University Katra Jammu & Kashmir,CSE,AI,OPEN-PWD,Neutral,2480,2480
Shri Mata Vaishno Devi University Katra Jammu & Kashmir,CSE,AI,EWS,Neutral,10634,11531
Shri Mata Vaishno Devi University Katra Jammu & Kashmir,CSE,AI,OBC-NCL,Neutral,19156,23237
Shri Mata Vaishno Devi University Katra Jammu & Kashmir,CSE,AI,SC,Neutral,9927,12538
Shri Mata Vaishno Devi University Katra Jammu & Kashmir,CSE,AI,ST,Neutral,3508,6134
Shri Mata Vaishno Devi University Katra Jammu & Kashmir,EE,AI,OPEN,Neutral,60947,80425
Shri Mata Vaishno Devi University Katra Jammu & Kashmir,EE,AI,EWS,Neutral,14591,14706
Shri Mata Vaishno Devi University Katra Jammu & Kashmir,EE,AI,OBC-NCL,Neutral,24527,29155
Shri Mata Vaishno Devi University Katra Jammu & Kashmir,EE,AI,SC,Neutral,13365,13853
Shri Mata Vaishno Devi University Katra Jammu & Kashmir,EE,AI,ST,Neutral,4609,5971
Shri Mata Vaishno Devi University Katra Jammu & Kashmir,ECE,AI,OPEN,Neutral,62609,81108
Shri Mata Vaishno Devi University Katra Jammu & Kashmir,ECE,AI,EWS,Neutral,13522,13982
Shri Mata Vaishno Devi University Katra Jammu & Kashmir,ECE,AI,OBC-NCL,Neutral,24719,28526
Shri Mata Vaishno Devi University Katra Jammu & Kashmir,ECE,AI,SC,Neutral,12819,14577
Shri Mata Vaishno Devi University Katra Jammu & Kashmir,ECE,AI,ST,Neutral,6891,7439
Shri Mata Vaishno Devi University Katra Jammu & Kashmir,MECHANICAL,AI,OPEN,Neutral,78195,86773
Shri Mata Vaishno Devi University Katra Jammu & Kashmir,MECHANICAL,AI,EWS,Neutral,14754,14943
Shri Mata Vaishno Devi University Katra Jammu & Kashmir,MECHANICAL,AI,OBC-NCL,Neutral,29207,30352
Shri Mata Vaishno Devi University Katra Jammu & Kashmir,MECHANICAL,AI,SC,Neutral,11087,14958
Shri Mata Vaishno Devi University Katra Jammu & Kashmir,MECHANICAL,AI,ST,Neutral,7400,7486
International Institute of Information Technology Naya Raipur,CSE,AI,OPEN,Neutral,16123,19764
International Institute of Information Technology Naya Raipur,CSE,AI,OPEN-PWD,Neutral,1117,1117
International Institute of Information Technology Naya Raipur,CSE,AI,OBC-NCL,Neutral,6154,7393
International Institute of Information Technology Naya Raipur,CSE,AI,SC,Neutral,3585,5213
International Institute of Information Technology Naya Raipur,CSE,AI,ST,Neutral,1518,2194
International Institute of Information Technology Naya Raipur,AI and Data Science,AI,OPEN,Neutral,20158,23870
International Institute of Information Technology Naya Raipur,AI and Data Science,AI,OBC-NCL,Neutral,6845,8725
International Institute of Information Technology Naya Raipur,AI and Data Science,AI,SC,Neutral,5860,6033
International Institute of Information Technology Naya Raipur,AI and Data Science,AI,ST,Neutral,2324,3157
International Institute of Information Technology Naya Raipur,ECE,AI,OPEN,Neutral,26865,33005
International Institute of Information Technology Naya Raipur,ECE,AI,OBC-NCL,Neutral,9732,13285
International Institute of Information Technology Naya Raipur,ECE,AI,SC,Neutral,8311,8942
International Institute of Information Technology Naya Raipur,ECE,AI,ST,Neutral,2848,2848
University of Hyderabad,CSE DUAL,AI,OPEN,Neutral,21566,30684
University of Hyderabad,CSE DUAL,AI,OPEN-PWD,Neutral,831,831
University of Hyderabad,CSE DUAL,AI,EWS,Neutral,5058,5452
University of Hyderabad,CSE DUAL,AI,OBC-NCL,Neutral,9091,12157
University of Hyderabad,CSE DUAL,AI,OBC-NCL-PWD,Neutral,625,625
University of Hyderabad,CSE DUAL,AI,SC,Neutral,1049,5402
University of Hyderabad,CSE DUAL,AI,ST,Neutral,1071,1933
Punjab Engineering College Chandigarh,Aerospace Engineering,Chandigarh,OPEN,Neutral,36319,65444
Punjab Engineering College Chandigarh,Aerospace Engineering,Chandigarh,EWS,Neutral,29484,29484
Punjab Engineering College Chandigarh,Aerospace Engineering,Chandigarh,SC,Neutral,7729,16338
Punjab Engineering College Chandigarh,Aerospace Engineering,AI,OPEN,Neutral,15321,28827
Punjab Engineering College Chandigarh,Aerospace Engineering,AI,EWS,Neutral,4941,5159
Punjab Engineering College Chandigarh,Aerospace Engineering,AI,SC,Neutral,4416,4596
Punjab Engineering College Chandigarh,Aerospace Engineering,AI,ST,Neutral,3486,3486
Punjab Engineering College Chandigarh,CIVIL,Chandigarh,OPEN,Neutral,56432,81916
Punjab Engineering College Chandigarh,CIVIL,Chandigarh,EWS,Neutral,43185,77252
Punjab Engineering College Chandigarh,CIVIL,Chandigarh,SC,Neutral,7467,23758
Punjab Engineering College Chandigarh,CIVIL,AI,OPEN,Neutral,32105,54909
Punjab Engineering College Chandigarh,CIVIL,AI,EWS,Neutral,8987,9450
Punjab Engineering College Chandigarh,CIVIL,AI,SC,Neutral,7909,9956
Punjab Engineering College Chandigarh,CIVIL,AI,ST,Neutral,2872,3057
Punjab Engineering College Chandigarh,CSE,Chandigarh,OPEN,Neutral,4310,18695
Punjab Engineering College Chandigarh,CSE,Chandigarh,OPEN-PWD,Neutral,414,1718
Punjab Engineering College Chandigarh,CSE,Chandigarh,EWS,Neutral,3421,9662
Punjab Engineering College Chandigarh,CSE,Chandigarh,SC,Neutral,2517,5917
Punjab Engineering College Chandigarh,CSE,AI,OPEN,Neutral,3066,11498
Punjab Engineering College Chandigarh,CSE,AI,OPEN-PWD,Neutral,372,433
Punjab Engineering College Chandigarh,CSE,AI,EWS,Neutral,1813,2144
Punjab Engineering College Chandigarh,CSE,AI,SC,Neutral,1405,3370
Punjab Engineering College Chandigarh,CSE,AI,SC-PWD,Neutral,93,93
Punjab Engineering College Chandigarh,CSE,AI,ST,Neutral,1152,1339
Punjab Engineering College Chandigarh,CSE with AI,Chandigarh,OPEN,Neutral,5696,19121
Punjab Engineering College Chandigarh,CSE with AI,Chandigarh,EWS,Neutral,6608,11923
Punjab Engineering College Chandigarh,CSE with AI,Chandigarh,SC,Neutral,2032,2572
Punjab Engineering College Chandigarh,CSE with AI,AI,OPEN,Neutral,4540,12224
Punjab Engineering College Chandigarh,CSE with AI,AI,OPEN-PWD,Neutral,636,636
Punjab Engineering College Chandigarh,CSE with AI,AI,EWS,Neutral,2233,2233
Punjab Engineering College Chandigarh,CSE with AI,AI,SC,Neutral,986,1971
Punjab Engineering College Chandigarh,CSE with AI,AI,ST,Neutral,1643,1643
Punjab Engineering College Chandigarh,CSE with Data Science,Chandigarh,OPEN,Neutral,17757,22077
Punjab Engineering College Chandigarh,CSE with Data Science,Chandigarh,EWS,Neutral,10350,13218
Punjab Engineering College Chandigarh,CSE with Data Science,Chandigarh,SC,Neutral,3375,5994
Punjab Engineering College Chandigarh,CSE with Data Science,AI,OPEN,Neutral,12328,14874
Punjab Engineering College Chandigarh,CSE with Data Science,AI,OPEN-PWD,Neutral,933,933
Punjab Engineering College Chandigarh,CSE with Data Science,AI,EWS,Neutral,2253,2446
Punjab Engineering College Chandigarh,CSE with Data Science,AI,SC,Neutral,2856,3431
Punjab Engineering College Chandigarh,CSE with Data Science,AI,ST,Neutral,1763,1763
Punjab Engineering College Chandigarh,EE,Chandigarh,OPEN,Neutral,31586,46663
Punjab Engineering College Chandigarh,EE,Chandigarh,EWS,Neutral,20455,30693
Punjab Engineering College Chandigarh,EE,Chandigarh,SC,Neutral,11606,15734
Punjab Engineering College Chandigarh,EE,AI,OPEN,Neutral,11938,28377
Punjab Engineering College Chandigarh,EE,AI,OPEN-PWD,Neutral,939,939
Punjab Engineering College Chandigarh,EE,AI,EWS,Neutral,4784,5071
Punjab Engineering College Chandigarh,EE,AI,SC,Neutral,888,7123
Punjab Engineering College Chandigarh,EE,AI,ST,Neutral,2935,3425
Punjab Engineering College Chandigarh,ECE,Chandigarh,OPEN,Neutral,15881,30846
Punjab Engineering College Chandigarh,ECE,Chandigarh,OPEN-PWD,Neutral,1792,1792
Punjab Engineering College Chandigarh,ECE,Chandigarh,EWS,Neutral,13410,17985
Punjab Engineering College Chandigarh,ECE,Chandigarh,SC,Neutral,7670,11188
Punjab Engineering College Chandigarh,ECE,AI,OPEN,Neutral,14302,19301
Punjab Engineering College Chandigarh,ECE,AI,OPEN-PWD,Neutral,1535,1720
Punjab Engineering College Chandigarh,ECE,AI,EWS,Neutral,2977,3468
Punjab Engineering College Chandigarh,ECE,AI,EWS-PWD,Neutral,258,258
Punjab Engineering College Chandigarh,ECE,AI,SC,Neutral,3329,4313
Punjab Engineering College Chandigarh,ECE,AI,ST,Neutral,2173,2700
Punjab Engineering College Chandigarh,EE VLSI,Chandigarh,OPEN,Neutral,26839,33304
Punjab Engineering College Chandigarh,EE VLSI,Chandigarh,EWS,Neutral,19006,19006
Punjab Engineering College Chandigarh,EE VLSI,Chandigarh,SC,Neutral,8080,9397
Punjab Engineering College Chandigarh,EE VLSI,AI,OPEN,Neutral,17487,22566
Punjab Engineering College Chandigarh,EE VLSI,AI,EWS,Neutral,3560,3612
Punjab Engineering College Chandigarh,EE VLSI,AI,SC,Neutral,5461,5789
Punjab Engineering College Chandigarh,EE VLSI,AI,ST,Neutral,2716,2716
Punjab Engineering College Chandigarh,MECHANICAL,Chandigarh,OPEN,Neutral,33806,63657
Punjab Engineering College Chandigarh,MECHANICAL,Chandigarh,EWS,Neutral,29261,73187
Punjab Engineering College Chandigarh,MECHANICAL,Chandigarh,SC,Neutral,7011,21402
Punjab Engineering College Chandigarh,MECHANICAL,AI,OPEN,Neutral,25669,41773
Punjab Engineering College Chandigarh,MECHANICAL,AI,EWS,Neutral,6655,7332
Punjab Engineering College Chandigarh,MECHANICAL,AI,SC,Neutral,4918,7877
Punjab Engineering College Chandigarh,MECHANICAL,AI,ST,Neutral,3000,3902
Punjab Engineering College Chandigarh,METALLURGY,Chandigarh,OPEN,Neutral,71378,94797
Punjab Engineering College Chandigarh,METALLURGY,Chandigarh,SC,Neutral,20380,27680
Punjab Engineering College Chandigarh,METALLURGY,AI,OPEN,Neutral,49489,57688
Punjab Engineering College Chandigarh,METALLURGY,AI,OPEN-PWD,Neutral,1186,1186
Punjab Engineering College Chandigarh,METALLURGY,AI,EWS,Neutral,9464,9839
Punjab Engineering College Chandigarh,METALLURGY,AI,SC,Neutral,9213,10022
Punjab Engineering College Chandigarh,METALLURGY,AI,ST,Neutral,4828,4828
Punjab Engineering College Chandigarh,IPE,Chandigarh,OPEN,Neutral,69661,88686
Punjab Engineering College Chandigarh,IPE,Chandigarh,SC,Neutral,28087,30142
Punjab Engineering College Chandigarh,IPE,AI,OPEN,Neutral,35430,51993
Punjab Engineering College Chandigarh,IPE,AI,EWS,Neutral,8489,8547
Punjab Engineering College Chandigarh,IPE,AI,SC,Neutral,8572,10103
Punjab Engineering College Chandigarh,IPE,AI,ST,Neutral,4134,4134
Jawaharlal Nehru University Delhi,CSE,AI,OPEN,Neutral,18261,28520
Jawaharlal Nehru University Delhi,CSE,AI,OPEN-PWD,Neutral,547,547
Jawaharlal Nehru University Delhi,CSE,AI,EWS,Neutral,4374,5029
Jawaharlal Nehru University Delhi,CSE,AI,OBC-NCL,Neutral,7659,10484
Jawaharlal Nehru University Delhi,CSE,AI,OBC-NCL-PWD,Neutral,371,371
Jawaharlal Nehru University Delhi,CSE,AI,SC,Neutral,2248,3972
Jawaharlal Nehru University Delhi,CSE,AI,SC-PWD,Neutral,157,157
Jawaharlal Nehru University Delhi,CSE,AI,ST,Neutral,1700,1895
Jawaharlal Nehru University Delhi,ECE,AI,OPEN,Neutral,28346,35534
Jawaharlal Nehru University Delhi,ECE,AI,OPEN-PWD,Neutral,1678,1678
Jawaharlal Nehru University Delhi,ECE,AI,EWS,Neutral,5776,6603
Jawaharlal Nehru University Delhi,ECE,AI,OBC-NCL,Neutral,11240,14834
Jawaharlal Nehru University Delhi,ECE,AI,SC,Neutral,4824,6764
Jawaharlal Nehru University Delhi,ECE,AI,ST,Neutral,2434,3067
Central institute of Technology Kokrajar Assam,CIVIL,AI,OPEN,Neutral,65365,65365
Central institute of Technology Kokrajar Assam,CIVIL,AI,OBC-NCL,Neutral,20588,20588
Central institute of Technology Kokrajar Assam,CIVIL,AI,SC,Neutral,12374,12374
Central institute of Technology Kokrajar Assam,CSE,AI,OPEN,Neutral,46126,53251
Central institute of Technology Kokrajar Assam,CSE,AI,EWS,Neutral,9001,9001
Central institute of Technology Kokrajar Assam,CSE,AI,OBC-NCL,Neutral,19545,19545
Central institute of Technology Kokrajar Assam,CSE,AI,SC,Neutral,10829,10829
Central institute of Technology Kokrajar Assam,ECE,AI,OPEN,Neutral,59592,64359
Central institute of Technology Kokrajar Assam,ECE,AI,OBC-NCL,Neutral,21222,21222
Central institute of Technology Kokrajar Assam,ECE,AI,SC,Neutral,11371,11371
Central institute of Technology Kokrajar Assam,Food Engineering  and Technology,AI,OPEN,Neutral,91379,91379
Central institute of Technology Kokrajar Assam,Food Engineering  and Technology,AI,OBC-NCL,Neutral,30057,30057
Central institute of Technology Kokrajar Assam,Food Engineering  and Technology,AI,ST,Neutral,5176,5176
Central institute of Technology Kokrajar Assam,ICE,AI,OPEN,Neutral,65084,65488
Central institute of Technology Kokrajar Assam,ICE,AI,OBC-NCL,Neutral,23776,23776
Puducherry Technological University Puducherry,CHEMICAL,AI,OPEN,Neutral,55587,56136
Puducherry Technological University Puducherry,CHEMICAL,AI,EWS,Neutral,9989,9989
Puducherry Technological University Puducherry,CHEMICAL,AI,OBC-NCL,Neutral,18807,18807
Puducherry Technological University Puducherry,CHEMICAL,AI,SC,Neutral,10687,10687
Puducherry Technological University Puducherry,CIVIL,AI,OPEN,Neutral,54594,77669
Puducherry Technological University Puducherry,CIVIL,AI,EWS,Neutral,13065,14010
Puducherry Technological University Puducherry,CIVIL,AI,OBC-NCL,Neutral,23791,26208
Puducherry Technological University Puducherry,CIVIL,AI,SC,Neutral,7757,11956
Puducherry Technological University Puducherry,CIVIL,AI,ST,Neutral,3449,4793
Puducherry Technological University Puducherry,CIVIL,Puducherry,OPEN,Neutral,241424,532257
Puducherry Technological University Puducherry,CIVIL,Puducherry,OBC-NCL,Neutral,200671,223412
Puducherry Technological University Puducherry,CIVIL,Puducherry,SC,Neutral,44432,44432
Puducherry Technological University Puducherry,CSE,AI,OPEN,Neutral,32306,45508
Puducherry Technological University Puducherry,CSE,AI,EWS,Neutral,7619,7893
Puducherry Technological University Puducherry,CSE,AI,EWS-PWD,Neutral,312,312
Puducherry Technological University Puducherry,CSE,AI,OBC-NCL,Neutral,16088,18159
Puducherry Technological University Puducherry,CSE,AI,SC,Neutral,4291,9146
Puducherry Technological University Puducherry,CSE,AI,ST,Neutral,1988,4669
Puducherry Technological University Puducherry,CSE,Puducherry,OPEN,Neutral,52643,128469
Puducherry Technological University Puducherry,CSE,Puducherry,OBC-NCL,Neutral,50984,71572
Puducherry Technological University Puducherry,CSE,Puducherry,SC,Neutral,34883,37592
Puducherry Technological University Puducherry,CSE,Puducherry,ST,Neutral,8559,8559
Puducherry Technological University Puducherry,Electrical and Electronics Engineering,AI,OPEN,Neutral,52728,55745
Puducherry Technological University Puducherry,Electrical and Electronics Engineering,AI,EWS,Neutral,10005,10005
Puducherry Technological University Puducherry,Electrical and Electronics Engineering,AI,OBC-NCL,Neutral,16708,17645
Puducherry Technological University Puducherry,Electrical and Electronics Engineering,AI,SC,Neutral,8671,8671
Puducherry Technological University Puducherry,ECE,AI,OPEN,Neutral,46862,56487
Puducherry Technological University Puducherry,ECE,AI,OPEN-PWD,Neutral,2516,2516
Puducherry Technological University Puducherry,ECE,AI,EWS,Neutral,9692,10590
Puducherry Technological University Puducherry,ECE,AI,OBC-NCL,Neutral,16531,19952
Puducherry Technological University Puducherry,ECE,AI,OBC-NCL-PWD,Neutral,1117,1117
Puducherry Technological University Puducherry,ECE,AI,SC,Neutral,9494,10974
Puducherry Technological University Puducherry,ECE,AI,ST,Neutral,4320,5151
Puducherry Technological University Puducherry,ECE,Puducherry,OPEN,Neutral,150459,226345
Puducherry Technological University Puducherry,ECE,Puducherry,OBC-NCL,Neutral,83107,96204
Puducherry Technological University Puducherry,Electronics and ICE,AI,OPEN,Neutral,44715,50207
Puducherry Technological University Puducherry,Electronics and ICE,AI,OBC-NCL,Neutral,17789,17789
Puducherry Technological University Puducherry,Electronics and ICE,AI,SC,Neutral,10978,10978
Puducherry Technological University Puducherry,Electronics and ICE,AI,ST,Neutral,5136,5136
Puducherry Technological University Puducherry,IT,AI,OPEN,Neutral,44585,45563
Puducherry Technological University Puducherry,IT,AI,OPEN-PWD,Neutral,930,930
Puducherry Technological University Puducherry,IT,AI,OBC-NCL,Neutral,16852,18214
Puducherry Technological University Puducherry,IT,AI,SC,Neutral,9913,9913
Puducherry Technological University Puducherry,MECHANICAL,AI,OPEN,Neutral,52635,69971
Puducherry Technological University Puducherry,MECHANICAL,AI,EWS,Neutral,12557,12790
Puducherry Technological University Puducherry,MECHANICAL,AI,OBC-NCL,Neutral,21009,23638
Puducherry Technological University Puducherry,MECHANICAL,AI,SC,Neutral,11005,12648
Puducherry Technological University Puducherry,MECHANICAL,AI,ST,Neutral,5572,6010
Puducherry Technological University Puducherry,MECHANICAL,Puducherry,OPEN,Neutral,296239,462775
Puducherry Technological University Puducherry,MECHANICAL,Puducherry,OBC-NCL,Neutral,169502,207451
Puducherry Technological University Puducherry,MECHANICAL,Puducherry,SC,Neutral,63351,63351
Puducherry Technological University Puducherry,Mechatronics Engineering,AI,OPEN,Neutral,51948,64778
Puducherry Technological University Puducherry,Mechatronics Engineering,AI,EWS,Neutral,12223,12223
Puducherry Technological University Puducherry,Mechatronics Engineering,AI,OBC-NCL,Neutral,21351,22483
Puducherry Technological University Puducherry,Mechatronics Engineering,AI,OBC-NCL-PWD,Neutral,1062,1062
Puducherry Technological University Puducherry,Mechatronics Engineering,AI,SC,Neutral,10319,11693
Puducherry Technological University Puducherry,Mechatronics Engineering,AI,ST,Neutral,5623,5735
Puducherry Technological University Puducherry,Mechatronics Engineering,Puducherry,OPEN,Neutral,207786,290032
Puducherry Technological University Puducherry,Mechatronics Engineering,Puducherry,OBC-NCL,Neutral,114696,123354
Puducherry Technological University Puducherry,Mechatronics Engineering,Puducherry,SC,Neutral,43578,43578
Ghani Khan Choudhary Institute of Engineering and Technology Malda West Bengal,CIVIL,West Bengal,OPEN,Neutral,162669,235751
Ghani Khan Choudhary Institute of Engineering and Technology Malda West Bengal,CIVIL,West Bengal,EWS,Neutral,43257,53558
Ghani Khan Choudhary Institute of Engineering and Technology Malda West Bengal,CIVIL,West Bengal,OBC-NCL,Neutral,150495,171046
Ghani Khan Choudhary Institute of Engineering and Technology Malda West Bengal,CIVIL,West Bengal,SC,Neutral,22674,32038
Ghani Khan Choudhary Institute of Engineering and Technology Malda West Bengal,CIVIL,West Bengal,ST,Neutral,6401,6401
Ghani Khan Choudhary Institute of Engineering and Technology Malda West Bengal,CIVIL,AI,OPEN,Neutral,71941,87928
Ghani Khan Choudhary Institute of Engineering and Technology Malda West Bengal,CIVIL,AI,EWS,Neutral,14668,14682
Ghani Khan Choudhary Institute of Engineering and Technology Malda West Bengal,CIVIL,AI,OBC-NCL,Neutral,28456,29966
Ghani Khan Choudhary Institute of Engineering and Technology Malda West Bengal,CIVIL,AI,SC,Neutral,13023,13229
Ghani Khan Choudhary Institute of Engineering and Technology Malda West Bengal,CIVIL,AI,ST,Neutral,6061,6765
Ghani Khan Choudhary Institute of Engineering and Technology Malda West Bengal,CSE with AI,West Bengal,OPEN,Neutral,96056,122648
Ghani Khan Choudhary Institute of Engineering and Technology Malda West Bengal,CSE with AI,West Bengal,EWS,Neutral,25720,32627
Ghani Khan Choudhary Institute of Engineering and Technology Malda West Bengal,CSE with AI,West Bengal,OBC-NCL,Neutral,39974,63036
Ghani Khan Choudhary Institute of Engineering and Technology Malda West Bengal,CSE with AI,West Bengal,SC,Neutral,15357,16727
Ghani Khan Choudhary Institute of Engineering and Technology Malda West Bengal,CSE with AI,West Bengal,ST,Neutral,7113,8237
Ghani Khan Choudhary Institute of Engineering and Technology Malda West Bengal,CSE with AI,AI,OPEN,Neutral,37108,49628
Ghani Khan Choudhary Institute of Engineering and Technology Malda West Bengal,CSE with AI,AI,EWS,Neutral,8330,8644
Ghani Khan Choudhary Institute of Engineering and Technology Malda West Bengal,CSE with AI,AI,OBC-NCL,Neutral,14558,18153
Ghani Khan Choudhary Institute of Engineering and Technology Malda West Bengal,CSE with AI,AI,SC,Neutral,8617,10743
Ghani Khan Choudhary Institute of Engineering and Technology Malda West Bengal,CSE with AI,AI,ST,Neutral,4851,4851
Ghani Khan Choudhary Institute of Engineering and Technology Malda West Bengal,EE,West Bengal,OPEN,Neutral,165899,238322
Ghani Khan Choudhary Institute of Engineering and Technology Malda West Bengal,EE,West Bengal,EWS,Neutral,39427,40966
Ghani Khan Choudhary Institute of Engineering and Technology Malda West Bengal,EE,West Bengal,OBC-NCL,Neutral,85518,152053
Ghani Khan Choudhary Institute of Engineering and Technology Malda West Bengal,EE,West Bengal,SC,Neutral,17381,21431
Ghani Khan Choudhary Institute of Engineering and Technology Malda West Bengal,EE,West Bengal,ST,Neutral,8218,8737
Ghani Khan Choudhary Institute of Engineering and Technology Malda West Bengal,EE,AI,OPEN,Neutral,60970,79007
Ghani Khan Choudhary Institute of Engineering and Technology Malda West Bengal,EE,AI,EWS,Neutral,13473,13473
Ghani Khan Choudhary Institute of Engineering and Technology Malda West Bengal,EE,AI,OBC-NCL,Neutral,24668,26806
Ghani Khan Choudhary Institute of Engineering and Technology Malda West Bengal,EE,AI,SC,Neutral,13635,14300
Ghani Khan Choudhary Institute of Engineering and Technology Malda West Bengal,EE,AI,ST,Neutral,5751,5751
Ghani Khan Choudhary Institute of Engineering and Technology Malda West Bengal,Food Technology,West Bengal,OPEN,Neutral,256561,350750
Ghani Khan Choudhary Institute of Engineering and Technology Malda West Bengal,Food Technology,West Bengal,EWS,Neutral,54409,54409
Ghani Khan Choudhary Institute of Engineering and Technology Malda West Bengal,Food Technology,West Bengal,OBC-NCL,Neutral,159812,172465
Ghani Khan Choudhary Institute of Engineering and Technology Malda West Bengal,Food Technology,West Bengal,SC,Neutral,34416,36554
Ghani Khan Choudhary Institute of Engineering and Technology Malda West Bengal,Food Technology,West Bengal,ST,Neutral,9812,9812
Ghani Khan Choudhary Institute of Engineering and Technology Malda West Bengal,Food Technology,AI,OPEN,Neutral,83535,100891
Ghani Khan Choudhary Institute of Engineering and Technology Malda West Bengal,Food Technology,AI,EWS,Neutral,16734,16766
Ghani Khan Choudhary Institute of Engineering and Technology Malda West Bengal,Food Technology,AI,OBC-NCL,Neutral,31508,32787
Ghani Khan Choudhary Institute of Engineering and Technology Malda West Bengal,Food Technology,AI,SC,Neutral,14855,15301
Ghani Khan Choudhary Institute of Engineering and Technology Malda West Bengal,Food Technology,AI,ST,Neutral,7615,7615
Ghani Khan Choudhary Institute of Engineering and Technology Malda West Bengal,MECHANICAL,West Bengal,OPEN,Neutral,160383,304255
Ghani Khan Choudhary Institute of Engineering and Technology Malda West Bengal,MECHANICAL,West Bengal,EWS,Neutral,54525,55280
Ghani Khan Choudhary Institute of Engineering and Technology Malda West Bengal,MECHANICAL,West Bengal,OBC-NCL,Neutral,114862,160615
Ghani Khan Choudhary Institute of Engineering and Technology Malda West Bengal,MECHANICAL,West Bengal,SC,Neutral,22331,31876
Ghani Khan Choudhary Institute of Engineering and Technology Malda West Bengal,MECHANICAL,West Bengal,ST,Neutral,8283,8283
Ghani Khan Choudhary Institute of Engineering and Technology Malda West Bengal,MECHANICAL,AI,OPEN,Neutral,71051,88331
Ghani Khan Choudhary Institute of Engineering and Technology Malda West Bengal,MECHANICAL,AI,EWS,Neutral,14675,14675
Ghani Khan Choudhary Institute of Engineering and Technology Malda West Bengal,MECHANICAL,AI,OBC-NCL,Neutral,27602,30506
Ghani Khan Choudhary Institute of Engineering and Technology Malda West Bengal,MECHANICAL,AI,SC,Neutral,11915,14712
Ghani Khan Choudhary Institute of Engineering and Technology Malda West Bengal,MECHANICAL,AI,ST,Neutral,7264,7264
Central University of Rajasthan,Biomedical Engineering,AI,OPEN,Neutral,60481,76910
Central University of Rajasthan,Biomedical Engineering,AI,EWS,Neutral,13124,13605
Central University of Rajasthan,Biomedical Engineering,AI,OBC-NCL,Neutral,23493,28413
Central University of Rajasthan,Biomedical Engineering,AI,SC,Neutral,12915,14219
Central University of Rajasthan,Biomedical Engineering,AI,ST,Neutral,5326,5534
Central University of Rajasthan,CSE,AI,OPEN,Neutral,40034,44886
Central University of Rajasthan,CSE,AI,OPEN-PWD,Neutral,1977,1977
Central University of Rajasthan,CSE,AI,EWS,Neutral,7795,8486
Central University of Rajasthan,CSE,AI,OBC-NCL,Neutral,14545,16638
Central University of Rajasthan,CSE,AI,SC,Neutral,7565,8521
Central University of Rajasthan,CSE,AI,ST,Neutral,1856,2907
Central University of Rajasthan,ECE,AI,OPEN,Neutral,49691,57416
Central University of Rajasthan,ECE,AI,EWS,Neutral,9572,9810
Central University of Rajasthan,ECE,AI,OBC-NCL,Neutral,19329,20258
Central University of Rajasthan,ECE,AI,SC,Neutral,10831,11537
Central University of Rajasthan,ECE,AI,ST,Neutral,3481,3904
National Institute of Food Technology Entrepreneurship and Management Kundli,Food Technology,AI,OPEN,Neutral,54463,105781
National Institute of Food Technology Entrepreneurship and Management Kundli,Food Technology,AI,OPEN-PWD,Neutral,2969,2969
National Institute of Food Technology Entrepreneurship and Management Kundli,Food Technology,AI,EWS,Neutral,17333,17662
National Institute of Food Technology Entrepreneurship and Management Kundli,Food Technology,AI,OBC-NCL,Neutral,33325,35213
National Institute of Food Technology Entrepreneurship and Management Kundli,Food Technology,AI,SC,Neutral,12337,16257
National Institute of Food Technology Entrepreneurship and Management Kundli,Food Technology,AI,ST,Neutral,7744,8182
National Institute of Food Technology Entrepreneurship and Management Thanjavur,Food Technology,AI,OPEN,Neutral,46745,100380
National Institute of Food Technology Entrepreneurship and Management Thanjavur,Food Technology,AI,OPEN-PWD,Neutral,2001,2759
National Institute of Food Technology Entrepreneurship and Management Thanjavur,Food Technology,AI,EWS,Neutral,16424,17092
National Institute of Food Technology Entrepreneurship and Management Thanjavur,Food Technology,AI,OBC-NCL,Neutral,31067,34023
National Institute of Food Technology Entrepreneurship and Management Thanjavur,Food Technology,AI,SC,Neutral,9964,14661
National Institute of Food Technology Entrepreneurship and Management Thanjavur,Food Technology,AI,ST,Neutral,3310,7939
North Eastern Regional Institute of Science and Technology Nirjuli-791109 (Itanagar) Arunachal Pradesh,Agricultural Engineering,AI,EWS,Neutral,15618,15618
North Eastern Regional Institute of Science and Technology Nirjuli-791109 (Itanagar) Arunachal Pradesh,Agricultural Engineering,AI,OBC-NCL,Neutral,24757,24757
North Eastern Regional Institute of Science and Technology Nirjuli-791109 (Itanagar) Arunachal Pradesh,CIVIL,AI,EWS,Neutral,11438,11438
North Eastern Regional Institute of Science and Technology Nirjuli-791109 (Itanagar) Arunachal Pradesh,CIVIL,AI,SC,Neutral,13104,13104
North Eastern Regional Institute of Science and Technology Nirjuli-791109 (Itanagar) Arunachal Pradesh,CSE,AI,OPEN,Neutral,51525,51980
North Eastern Regional Institute of Science and Technology Nirjuli-791109 (Itanagar) Arunachal Pradesh,CSE,AI,EWS,Neutral,9130,9993
North Eastern Regional Institute of Science and Technology Nirjuli-791109 (Itanagar) Arunachal Pradesh,CSE,AI,OBC-NCL,Neutral,19208,19208
North Eastern Regional Institute of Science and Technology Nirjuli-791109 (Itanagar) Arunachal Pradesh,EE,AI,OPEN,Neutral,60281,60281
North Eastern Regional Institute of Science and Technology Nirjuli-791109 (Itanagar) Arunachal Pradesh,EE,AI,EWS,Neutral,11741,11741
North Eastern Regional Institute of Science and Technology Nirjuli-791109 (Itanagar) Arunachal Pradesh,ECE,AI,EWS,Neutral,10879,10879
North Eastern Regional Institute of Science and Technology Nirjuli-791109 (Itanagar) Arunachal Pradesh,ECE,AI,ST,Neutral,5593,5593
North Eastern Regional Institute of Science and Technology Nirjuli-791109 (Itanagar) Arunachal Pradesh,MECHANICAL,AI,OPEN,Neutral,58384,58384
North Eastern Regional Institute of Science and Technology Nirjuli-791109 (Itanagar) Arunachal Pradesh,MECHANICAL,AI,EWS,Neutral,11218,11218
Indian Institute of Handloom Technology(IIHT) Varanasi,Handloom and TEXTILE,AI,OPEN,Neutral,85881,99633
Indian Institute of Handloom Technology(IIHT) Varanasi,Handloom and TEXTILE,AI,EWS,Neutral,16866,17356
Indian Institute of Handloom Technology(IIHT) Varanasi,Handloom and TEXTILE,AI,OBC-NCL,Neutral,31197,32670
Indian Institute of Handloom Technology(IIHT) Varanasi,Handloom and TEXTILE,AI,SC,Neutral,13546,15444
Indian Institute of Handloom Technology(IIHT) Varanasi,Handloom and TEXTILE,AI,ST,Neutral,6772,8188
Chhattisgarh Swami Vivekanada Technical University Bhilai (CSVTU Bhilai),CSE with AI,AI,OPEN,Neutral,48649,62380
Chhattisgarh Swami Vivekanada Technical University Bhilai (CSVTU Bhilai),CSE with AI,AI,OPEN-PWD,Neutral,1122,1122
Chhattisgarh Swami Vivekanada Technical University Bhilai (CSVTU Bhilai),CSE with AI,AI,EWS,Neutral,10177,11229
Chhattisgarh Swami Vivekanada Technical University Bhilai (CSVTU Bhilai),CSE with AI,AI,OBC-NCL,Neutral,18500,22963
Chhattisgarh Swami Vivekanada Technical University Bhilai (CSVTU Bhilai),CSE with AI,AI,SC,Neutral,7802,11568
Chhattisgarh Swami Vivekanada Technical University Bhilai (CSVTU Bhilai),CSE with AI,AI,ST,Neutral,6141,6215
Chhattisgarh Swami Vivekanada Technical University Bhilai (CSVTU Bhilai),CSE with Data Science,AI,OPEN,Neutral,50922,63506
Chhattisgarh Swami Vivekanada Technical University Bhilai (CSVTU Bhilai),CSE with Data Science,AI,OPEN-PWD,Neutral,2978,2978
Chhattisgarh Swami Vivekanada Technical University Bhilai (CSVTU Bhilai),CSE with Data Science,AI,EWS,Neutral,10657,11582
Chhattisgarh Swami Vivekanada Technical University Bhilai (CSVTU Bhilai),CSE with Data Science,AI,OBC-NCL,Neutral,20178,23455
Chhattisgarh Swami Vivekanada Technical University Bhilai (CSVTU Bhilai),CSE with Data Science,AI,SC,Neutral,10013,11789
Chhattisgarh Swami Vivekanada Technical University Bhilai (CSVTU Bhilai),CSE with Data Science,AI,ST,Neutral,4923,5884
Institute of Chemical Technology Mumbai Indian Oil Odisha Campus Bhubaneswar,CHEMICAL DUAL,AI,OPEN,Neutral,20530,56972
Institute of Chemical Technology Mumbai Indian Oil Odisha Campus Bhubaneswar,CHEMICAL DUAL,AI,EWS,Neutral,9668,10007
Institute of Chemical Technology Mumbai Indian Oil Odisha Campus Bhubaneswar,CHEMICAL DUAL,AI,OBC-NCL,Neutral,17439,20551
Institute of Chemical Technology Mumbai Indian Oil Odisha Campus Bhubaneswar,CHEMICAL DUAL,AI,SC,Neutral,8505,11091
Institute of Chemical Technology Mumbai Indian Oil Odisha Campus Bhubaneswar,CHEMICAL DUAL,AI,ST,Neutral,4942,5343
Institute of Chemical Technology Mumbai Indian Oil Odisha Campus Bhubaneswar,CHEMICAL DUAL,Odisha,OPEN,Neutral,62760,79013
Institute of Chemical Technology Mumbai Indian Oil Odisha Campus Bhubaneswar,CHEMICAL DUAL,Odisha,EWS,Neutral,16267,17679
Institute of Chemical Technology Mumbai Indian Oil Odisha Campus Bhubaneswar,CHEMICAL DUAL,Odisha,OBC-NCL,Neutral,31003,38871
Institute of Chemical Technology Mumbai Indian Oil Odisha Campus Bhubaneswar,CHEMICAL DUAL,Odisha,SC,Neutral,12572,16763
Institute of Chemical Technology Mumbai Indian Oil Odisha Campus Bhubaneswar,CHEMICAL DUAL,Odisha,ST,Neutral,9888,10122
North-Eastern Hill University Shillong,Biomedical Engineering,AI,OPEN,Neutral,63775,84066
North-Eastern Hill University Shillong,Biomedical Engineering,AI,EWS,Neutral,15111,15289
North-Eastern Hill University Shillong,Biomedical Engineering,AI,OBC-NCL,Neutral,30802,31684
North-Eastern Hill University Shillong,Biomedical Engineering,AI,SC,Neutral,13159,15276
North-Eastern Hill University Shillong,Biomedical Engineering,AI,ST,Neutral,7382,7951
North-Eastern Hill University Shillong,ECE,AI,OPEN,Neutral,64854,79789
North-Eastern Hill University Shillong,ECE,AI,EWS,Neutral,13490,13545
North-Eastern Hill University Shillong,ECE,AI,OBC-NCL,Neutral,25413,27579
North-Eastern Hill University Shillong,ECE,AI,SC,Neutral,11482,13671
North-Eastern Hill University Shillong,ECE,AI,ST,Neutral,5125,6216
North-Eastern Hill University Shillong,Energy Engineering,AI,OPEN,Neutral,78023,89431
North-Eastern Hill University Shillong,Energy Engineering,AI,EWS,Neutral,15155,15655
North-Eastern Hill University Shillong,Energy Engineering,AI,OBC-NCL,Neutral,28002,30693
North-Eastern Hill University Shillong,Energy Engineering,AI,SC,Neutral,12922,15323
North-Eastern Hill University Shillong,Energy Engineering,AI,ST,Neutral,7227,7856
North-Eastern Hill University Shillong,IT,AI,OPEN,Neutral,46794,68340
North-Eastern Hill University Shillong,IT,AI,EWS,Neutral,11169,11462
North-Eastern Hill University Shillong,IT,AI,OBC-NCL,Neutral,20367,24042
North-Eastern Hill University Shillong,IT,AI,SC,Neutral,10250,12247
North-Eastern Hill University Shillong,IT,AI,ST,Neutral,5563,5924
Central University of Jammu,CSE,AI,OPEN,Neutral,56968,69036
Central University of Jammu,CSE,AI,EWS,Neutral,11489,11781
Central University of Jammu,CSE,AI,OBC-NCL,Neutral,20701,24384
Central University of Jammu,CSE,AI,SC,Neutral,7042,12601
Central University of Jammu,CSE,AI,ST,Neutral,4792,6130
Central University of Jammu,CSE with Cyber Security,AI,OPEN,Neutral,56215,70400
Central University of Jammu,CSE with Cyber Security,AI,OPEN-PWD,Neutral,1677,1677
Central University of Jammu,CSE with Cyber Security,AI,EWS,Neutral,12133,12439
Central University of Jammu,CSE with Cyber Security,AI,OBC-NCL,Neutral,21831,25045
Central University of Jammu,CSE with Cyber Security,AI,SC,Neutral,9906,12810
Central University of Jammu,CSE with Cyber Security,AI,ST,Neutral,3903,6379
Central University of Jammu,ECE,AI,OPEN,Neutral,69205,82819
Central University of Jammu,ECE,AI,EWS,Neutral,13872,14752
Central University of Jammu,ECE,AI,OBC-NCL,Neutral,25319,28417
Central University of Jammu,ECE,AI,SC,Neutral,13374,14710
Central University of Jammu,ECE,AI,ST,Neutral,6423,7094
Central University of Jammu,Electronics and Communication Engineering (Avionics),AI,OPEN,Neutral,39034,65763
Central University of Jammu,Electronics and Communication Engineering (Avionics),AI,EWS,Neutral,11095,11483
Central University of Jammu,Electronics and Communication Engineering (Avionics),AI,OBC-NCL,Neutral,20233,27292
Central University of Jammu,Electronics and Communication Engineering (Avionics),AI,SC,Neutral,12215,13169
Central University of Jammu,Electronics and Communication Engineering (Avionics),AI,ST,Neutral,5355,5812
Institute of Engineering and Technology Dr. H. S. Gour University. Sagar (A Central University),Aeronautical Engineering,AI,OPEN,Neutral,35212,71881
Institute of Engineering and Technology Dr. H. S. Gour University. Sagar (A Central University),Aeronautical Engineering,AI,EWS,Neutral,12366,13348
Institute of Engineering and Technology Dr. H. S. Gour University. Sagar (A Central University),Aeronautical Engineering,AI,OBC-NCL,Neutral,24025,28872
Institute of Engineering and Technology Dr. H. S. Gour University. Sagar (A Central University),Aeronautical Engineering,AI,SC,Neutral,10640,12680
Institute of Engineering and Technology Dr. H. S. Gour University. Sagar (A Central University),Aeronautical Engineering,AI,ST,Neutral,3831,5476
Institute of Engineering and Technology Dr. H. S. Gour University. Sagar (A Central University),CSE,AI,OPEN,Neutral,51143,69873
Institute of Engineering and Technology Dr. H. S. Gour University. Sagar (A Central University),CSE,AI,EWS,Neutral,11602,12414
Institute of Engineering and Technology Dr. H. S. Gour University. Sagar (A Central University),CSE,AI,OBC-NCL,Neutral,20752,24204
Institute of Engineering and Technology Dr. H. S. Gour University. Sagar (A Central University),CSE,AI,SC,Neutral,5448,12316
Institute of Engineering and Technology Dr. H. S. Gour University. Sagar (A Central University),CSE,AI,ST,Neutral,5532,6351
Institute of Engineering and Technology Dr. H. S. Gour University. Sagar (A Central University),Dairy Engineering,AI,OPEN,Neutral,92487,101252
Institute of Engineering and Technology Dr. H. S. Gour University. Sagar (A Central University),Dairy Engineering,AI,EWS,Neutral,16565,16822
Institute of Engineering and Technology Dr. H. S. Gour University. Sagar (A Central University),Dairy Engineering,AI,OBC-NCL,Neutral,32020,33678
Institute of Engineering and Technology Dr. H. S. Gour University. Sagar (A Central University),Dairy Engineering,AI,SC,Neutral,13948,15682
Institute of Engineering and Technology Dr. H. S. Gour University. Sagar (A Central University),Dairy Engineering,AI,ST,Neutral,6694,7888
Institute of Engineering and Technology Dr. H. S. Gour University. Sagar (A Central University),ECE,AI,OPEN,Neutral,55335,79917
Institute of Engineering and Technology Dr. H. S. Gour University. Sagar (A Central University),ECE,AI,EWS,Neutral,13292,14049
Institute of Engineering and Technology Dr. H. S. Gour University. Sagar (A Central University),ECE,AI,OBC-NCL,Neutral,24327,29027
Institute of Engineering and Technology Dr. H. S. Gour University. Sagar (A Central University),ECE,AI,SC,Neutral,12981,14716
Institute of Engineering and Technology Dr. H. S. Gour University. Sagar (A Central University),ECE,AI,ST,Neutral,7463,7596
Institute of Engineering and Technology Dr. H. S. Gour University. Sagar (A Central University),Fashion and Apparel Engineering,AI,OPEN,Neutral,87095,102490
Institute of Engineering and Technology Dr. H. S. Gour University. Sagar (A Central University),Fashion and Apparel Engineering,AI,EWS,Neutral,16825,16896
Institute of Engineering and Technology Dr. H. S. Gour University. Sagar (A Central University),Fashion and Apparel Engineering,AI,OBC-NCL,Neutral,33172,33840
Institute of Engineering and Technology Dr. H. S. Gour University. Sagar (A Central University),Fashion and Apparel Engineering,AI,SC,Neutral,15608,15916
Institute of Engineering and Technology Dr. H. S. Gour University. Sagar (A Central University),Fashion and Apparel Engineering,AI,ST,Neutral,7701,7917
Institute of Engineering and Technology Dr. H. S. Gour University. Sagar (A Central University),Food Engineering  and Technology,AI,OPEN,Neutral,77057,103941
Institute of Engineering and Technology Dr. H. S. Gour University. Sagar (A Central University),Food Engineering  and Technology,AI,EWS,Neutral,17000,17237
Institute of Engineering and Technology Dr. H. S. Gour University. Sagar (A Central University),Food Engineering  and Technology,AI,OBC-NCL,Neutral,33879,34610
Institute of Engineering and Technology Dr. H. S. Gour University. Sagar (A Central University),Food Engineering  and Technology,AI,SC,Neutral,15919,16055
Institute of Engineering and Technology Dr. H. S. Gour University. Sagar (A Central University),Food Engineering  and Technology,AI,ST,Neutral,7959,8028
Central University of Haryana,CIVIL,AI,OPEN,Neutral,58554,77202
Central University of Haryana,CIVIL,AI,EWS,Neutral,13876,14453
Central University of Haryana,CIVIL,AI,OBC-NCL,Neutral,29227,29949
Central University of Haryana,CIVIL,AI,SC,Neutral,12461,14256
Central University of Haryana,CIVIL,AI,ST,Neutral,4049,4204
Central University of Haryana,CSE,AI,OPEN,Neutral,40326,54901
Central University of Haryana,CSE,AI,EWS,Neutral,9427,10200
Central University of Haryana,CSE,AI,OBC-NCL,Neutral,16376,19730
Central University of Haryana,CSE,AI,SC,Neutral,8909,10396
Central University of Haryana,CSE,AI,ST,Neutral,3920,4707
Central University of Haryana,EE,AI,OPEN,Neutral,57211,75618
Central University of Haryana,EE,AI,EWS,Neutral,13025,13579
Central University of Haryana,EE,AI,OBC-NCL,Neutral,23234,27069
Central University of Haryana,EE,AI,SC,Neutral,10971,12816
Central University of Haryana,EE,AI,ST,Neutral,6146,6546
Central University of Haryana,Printing and Packaging Technology,AI,OPEN,Neutral,82032,89689
Central University of Haryana,Printing and Packaging Technology,AI,EWS,Neutral,14799,14917
Central University of Haryana,Printing and Packaging Technology,AI,OBC-NCL,Neutral,29624,30792
Central University of Haryana,Printing and Packaging Technology,AI,SC,Neutral,13846,14630
Central University of Haryana,Printing and Packaging Technology,AI,ST,Neutral,7718,7718
Birla Institute of Technology Deoghar Off-Campus,CSE,AI,OPEN,Neutral,45161,54388
Birla Institute of Technology Deoghar Off-Campus,CSE,AI,EWS,Neutral,8886,9434
Birla Institute of Technology Deoghar Off-Campus,CSE,AI,OBC-NCL,Neutral,17137,19920
Birla Institute of Technology Deoghar Off-Campus,CSE,AI,SC,Neutral,10119,11254
Birla Institute of Technology Deoghar Off-Campus,CSE,AI,ST,Neutral,5153,5668
Birla Institute of Technology Deoghar Off-Campus,CSE,Jharkhand,OPEN,Neutral,59016,79378
Birla Institute of Technology Deoghar Off-Campus,CSE,Jharkhand,EWS,Neutral,14291,17386
Birla Institute of Technology Deoghar Off-Campus,CSE,Jharkhand,SC,Neutral,17902,20499
Birla Institute of Technology Deoghar Off-Campus,CSE,Jharkhand,ST,Neutral,9600,24513
Birla Institute of Technology Deoghar Off-Campus,Electrical and Electronics Engineering,AI,OPEN,Neutral,61446,68864
Birla Institute of Technology Deoghar Off-Campus,Electrical and Electronics Engineering,AI,EWS,Neutral,11836,12171
Birla Institute of Technology Deoghar Off-Campus,Electrical and Electronics Engineering,AI,OBC-NCL,Neutral,20586,25388
Birla Institute of Technology Deoghar Off-Campus,Electrical and Electronics Engineering,AI,SC,Neutral,12719,13263
Birla Institute of Technology Deoghar Off-Campus,Electrical and Electronics Engineering,AI,ST,Neutral,5980,6528
Birla Institute of Technology Deoghar Off-Campus,Electrical and Electronics Engineering,Jharkhand,OPEN,Neutral,86876,116152
Birla Institute of Technology Deoghar Off-Campus,Electrical and Electronics Engineering,Jharkhand,EWS,Neutral,21327,25367
Birla Institute of Technology Deoghar Off-Campus,Electrical and Electronics Engineering,Jharkhand,SC,Neutral,29437,31461
Birla Institute of Technology Deoghar Off-Campus,ECE,AI,OPEN,Neutral,38338,62356
Birla Institute of Technology Deoghar Off-Campus,ECE,AI,EWS,Neutral,10214,10904
Birla Institute of Technology Deoghar Off-Campus,ECE,AI,OBC-NCL,Neutral,19522,21212
Birla Institute of Technology Deoghar Off-Campus,ECE,AI,SC,Neutral,12005,12409
Birla Institute of Technology Deoghar Off-Campus,ECE,AI,ST,Neutral,5765,6630
Birla Institute of Technology Deoghar Off-Campus,ECE,Jharkhand,OPEN,Neutral,80932,98678
Birla Institute of Technology Deoghar Off-Campus,ECE,Jharkhand,EWS,Neutral,18684,22047
Birla Institute of Technology Deoghar Off-Campus,ECE,Jharkhand,SC,Neutral,25770,27334
Birla Institute of Technology Deoghar Off-Campus,ECE,Jharkhand,ST,Neutral,16685,16685
Birla Institute of Technology Deoghar Off-Campus,MECHANICAL,AI,OPEN,Neutral,63179,76428
Birla Institute of Technology Deoghar Off-Campus,MECHANICAL,AI,EWS,Neutral,12488,12989
Birla Institute of Technology Deoghar Off-Campus,MECHANICAL,AI,OBC-NCL,Neutral,23469,27493
Birla Institute of Technology Deoghar Off-Campus,MECHANICAL,AI,SC,Neutral,13667,14077
Birla Institute of Technology Deoghar Off-Campus,MECHANICAL,AI,ST,Neutral,6963,7316
Birla Institute of Technology Deoghar Off-Campus,MECHANICAL,Jharkhand,OPEN,Neutral,100739,118250
Birla Institute of Technology Deoghar Off-Campus,MECHANICAL,Jharkhand,EWS,Neutral,19537,26316
Birla Institute of Technology Deoghar Off-Campus,MECHANICAL,Jharkhand,SC,Neutral,28164,29444
Birla Institute of Technology Patna Off-Campus,CIVIL,AI,OPEN,Neutral,50920,77153
Birla Institute of Technology Patna Off-Campus,CIVIL,AI,EWS,Neutral,12758,13067
Birla Institute of Technology Patna Off-Campus,CIVIL,AI,OBC-NCL,Neutral,24868,28531
Birla Institute of Technology Patna Off-Campus,CIVIL,AI,SC,Neutral,10939,12449
Birla Institute of Technology Patna Off-Campus,CIVIL,AI,ST,Neutral,3718,5483
Birla Institute of Technology Patna Off-Campus,CIVIL,Bihar,OPEN,Neutral,82131,98354
Birla Institute of Technology Patna Off-Campus,CIVIL,Bihar,EWS,Neutral,16142,16629
Birla Institute of Technology Patna Off-Campus,CIVIL,Bihar,SC,Neutral,13218,19313
Birla Institute of Technology Patna Off-Campus,CIVIL,Bihar,ST,Neutral,7142,7142
Birla Institute of Technology Patna Off-Campus,CSE,AI,OPEN,Neutral,29422,49849
Birla Institute of Technology Patna Off-Campus,CSE,AI,EWS,Neutral,8446,9138
Birla Institute of Technology Patna Off-Campus,CSE,AI,OBC-NCL,Neutral,15780,18778
Birla Institute of Technology Patna Off-Campus,CSE,AI,SC,Neutral,9372,10537
Birla Institute of Technology Patna Off-Campus,CSE,AI,ST,Neutral,4328,5054
Birla Institute of Technology Patna Off-Campus,CSE,Bihar,OPEN,Neutral,52973,64429
Birla Institute of Technology Patna Off-Campus,CSE,Bihar,EWS,Neutral,10626,10824
Birla Institute of Technology Patna Off-Campus,CSE,Bihar,SC,Neutral,11456,14271
Birla Institute of Technology Patna Off-Campus,CSE,Bihar,ST,Neutral,7010,7010
Birla Institute of Technology Patna Off-Campus,Electrical and Electronics Engineering,AI,OPEN,Neutral,49432,65587
Birla Institute of Technology Patna Off-Campus,Electrical and Electronics Engineering,AI,EWS,Neutral,11393,11536
Birla Institute of Technology Patna Off-Campus,Electrical and Electronics Engineering,AI,OBC-NCL,Neutral,22139,23647
Birla Institute of Technology Patna Off-Campus,Electrical and Electronics Engineering,AI,SC,Neutral,12258,12592
Birla Institute of Technology Patna Off-Campus,Electrical and Electronics Engineering,AI,ST,Neutral,6808,7038
Birla Institute of Technology Patna Off-Campus,Electrical and Electronics Engineering,Bihar,OPEN,Neutral,72983,83433
Birla Institute of Technology Patna Off-Campus,Electrical and Electronics Engineering,Bihar,EWS,Neutral,13808,14269
Birla Institute of Technology Patna Off-Campus,Electrical and Electronics Engineering,Bihar,SC,Neutral,15161,20973
Birla Institute of Technology Patna Off-Campus,Electrical and Electronics Engineering,Bihar,ST,Neutral,10645,10645
Birla Institute of Technology Patna Off-Campus,ECE,AI,OPEN,Neutral,51018,59150
Birla Institute of Technology Patna Off-Campus,ECE,AI,EWS,Neutral,10044,10638
Birla Institute of Technology Patna Off-Campus,ECE,AI,OBC-NCL,Neutral,20046,21578
Birla Institute of Technology Patna Off-Campus,ECE,AI,SC,Neutral,11532,12224
Birla Institute of Technology Patna Off-Campus,ECE,AI,ST,Neutral,6073,6496
Birla Institute of Technology Patna Off-Campus,ECE,Bihar,OPEN,Neutral,65049,73066
Birla Institute of Technology Patna Off-Campus,ECE,Bihar,EWS,Neutral,11895,12577
Birla Institute of Technology Patna Off-Campus,ECE,Bihar,SC,Neutral,14308,18010
Birla Institute of Technology Patna Off-Campus,ECE,Bihar,ST,Neutral,8270,8270
Birla Institute of Technology Patna Off-Campus,MECHANICAL,AI,OPEN,Neutral,61494,74413
Birla Institute of Technology Patna Off-Campus,MECHANICAL,AI,EWS,Neutral,12435,12753
Birla Institute of Technology Patna Off-Campus,MECHANICAL,AI,OBC-NCL,Neutral,23685,27830
Birla Institute of Technology Patna Off-Campus,MECHANICAL,AI,SC,Neutral,12514,13847
Birla Institute of Technology Patna Off-Campus,MECHANICAL,AI,ST,Neutral,6996,7351
Birla Institute of Technology Patna Off-Campus,MECHANICAL,Bihar,OPEN,Neutral,83050,93525
Birla Institute of Technology Patna Off-Campus,MECHANICAL,Bihar,EWS,Neutral,15516,15761
Birla Institute of Technology Patna Off-Campus,MECHANICAL,Bihar,SC,Neutral,15941,21630
Birla Institute of Technology Patna Off-Campus,MECHANICAL,Bihar,ST,Neutral,8140,8140
Indian Institute of Handloom Technology Salem,Handloom and TEXTILE,AI,OPEN,Neutral,86070,101502
Indian Institute of Handloom Technology Salem,Handloom and TEXTILE,AI,EWS,Neutral,16842,17273
Indian Institute of Handloom Technology Salem,Handloom and TEXTILE,AI,OBC-NCL,Neutral,31415,33784
Indian Institute of Handloom Technology Salem,Handloom and TEXTILE,AI,SC,Neutral,11685,15633
Indian Institute of Handloom Technology Salem,Handloom and TEXTILE,AI,ST,Neutral,7884,8129
