Atal Bihari Vajpayee Indian Institute of Information Technology & Management Gwalior,CSE,AI,OPEN,Neutral,5382,7757
Atal Bihari Vajpayee Indian Institute of Information Technology & Management Gwalior,CSE,AI,OPEN,Female,9118,11765
Atal Bihari Vajpayee Indian Institute of Information Technology & Management Gwalior,CSE,AI,OPEN-PWD,Neutral,295,295
Atal Bihari Vajpayee Indian Institute of Information Technology & Management Gwalior,CSE,AI,EWS,Neutral,1182,1379
Atal Bihari Vajpayee Indian Institute of Information Technology & Management Gwalior,CSE,AI,EWS,Female,2222,2222
Atal Bihari Vajpayee Indian Institute of Information Technology & Management Gwalior,CSE,AI,OBC-NCL,Neutral,1924,3022
Atal Bihari Vajpayee Indian Institute of Information Technology & Management Gwalior,CSE,AI,OBC-NCL,Female,5096,5231
Atal Bihari Vajpayee Indian Institute of Information Technology & Management Gwalior,CSE,AI,SC,Neutral,1461,1846
Atal Bihari Vajpayee Indian Institute of Information Technology & Management Gwalior,CSE,AI,SC,Female,3484,3722
Atal Bihari Vajpayee Indian Institute of Information Technology & Management Gwalior,CSE,AI,ST,Neutral,399,945
Atal Bihari Vajpayee Indian Institute of Information Technology & Management Gwalior,CSE,AI,ST,Female,1163,1163
Atal Bihari Vajpayee Indian Institute of Information Technology & Management Gwalior,Electrical and Electronics Engineering,AI,OPEN,Neutral,12213,17777
Atal Bihari Vajpayee Indian Institute of Information Technology & Management Gwalior,Electrical and Electronics Engineering,AI,OPEN,Female,22422,26461
Atal Bihari Vajpayee Indian Institute of Information Technology & Management Gwalior,Electrical and Electronics Engineering,AI,OPEN-PWD,Neutral,1618,1618
Atal Bihari Vajpayee Indian Institute of Information Technology & Management Gwalior,Electrical and Electronics Engineering,AI,EWS,Neutral,2648,3106
Atal Bihari Vajpayee Indian Institute of Information Technology & Management Gwalior,Electrical and Electronics Engineering,AI,EWS,Female,5414,5414
Atal Bihari Vajpayee Indian Institute of Information Technology & Management Gwalior,Electrical and Electronics Engineering,AI,OBC-NCL,Neutral,6606,7542
Atal Bihari Vajpayee Indian Institute of Information Technology & Management Gwalior,Electrical and Electronics Engineering,AI,OBC-NCL,Female,12522,13287
Atal Bihari Vajpayee Indian Institute of Information Technology & Management Gwalior,Electrical and Electronics Engineering,AI,OBC-NCL-PWD,Neutral,670,670
Atal Bihari Vajpayee Indian Institute of Information Technology & Management Gwalior,Electrical and Electronics Engineering,AI,SC,Neutral,2813,3997
Atal Bihari Vajpayee Indian Institute of Information Technology & Management Gwalior,Electrical and Electronics Engineering,AI,SC,Female,5833,5833
Atal Bihari Vajpayee Indian Institute of Information Technology & Management Gwalior,Electrical and Electronics Engineering,AI,ST,Neutral,1519,1804
Atal Bihari Vajpayee Indian Institute of Information Technology & Management Gwalior,Electrical and Electronics Engineering,AI,ST,Female,2536,2536
Atal Bihari Vajpayee Indian Institute of Information Technology & Management Gwalior,IT DUAL,AI,OPEN,Neutral,9271,13027
Atal Bihari Vajpayee Indian Institute of Information Technology & Management Gwalior,IT DUAL,AI,OPEN,Female,12258,21488
Atal Bihari Vajpayee Indian Institute of Information Technology & Management Gwalior,IT DUAL,AI,OPEN-PWD,Female,1386,1386
Atal Bihari Vajpayee Indian Institute of Information Technology & Management Gwalior,IT DUAL,AI,EWS,Neutral,1872,2133
Atal Bihari Vajpayee Indian Institute of Information Technology & Management Gwalior,IT DUAL,AI,EWS,Female,3267,4040
Atal Bihari Vajpayee Indian Institute of Information Technology & Management Gwalior,IT DUAL,AI,OBC-NCL,Neutral,3025,4756
Atal Bihari Vajpayee Indian Institute of Information Technology & Management Gwalior,IT DUAL,AI,OBC-NCL,Female,6451,9144
Atal Bihari Vajpayee Indian Institute of Information Technology & Management Gwalior,IT DUAL,AI,OBC-NCL-PWD,Neutral,397,397
Atal Bihari Vajpayee Indian Institute of Information Technology & Management Gwalior,IT DUAL,AI,SC,Neutral,1857,2796
Atal Bihari Vajpayee Indian Institute of Information Technology & Management Gwalior,IT DUAL,AI,SC,Female,4044,4366
Atal Bihari Vajpayee Indian Institute of Information Technology & Management Gwalior,IT DUAL,AI,ST,Neutral,843,1468
Atal Bihari Vajpayee Indian Institute of Information Technology & Management Gwalior,IT DUAL,AI,ST,Female,2358,2358
Atal Bihari Vajpayee Indian Institute of Information Technology & Management Gwalior,IT DUAL with MBA,AI,OPEN,Neutral,13165,15598
Atal Bihari Vajpayee Indian Institute of Information Technology & Management Gwalior,IT DUAL with MBA,AI,OPEN,Female,21063,22758
Atal Bihari Vajpayee Indian Institute of Information Technology & Management Gwalior,IT DUAL with MBA,AI,EWS,Neutral,2297,2457
Atal Bihari Vajpayee Indian Institute of Information Technology & Management Gwalior,IT DUAL with MBA,AI,EWS,Female,4191,4191
Atal Bihari Vajpayee Indian Institute of Information Technology & Management Gwalior,IT DUAL with MBA,AI,OBC-NCL,Neutral,5202,6259
Atal Bihari Vajpayee Indian Institute of Information Technology & Management Gwalior,IT DUAL with MBA,AI,OBC-NCL,Female,9466,10195
Atal Bihari Vajpayee Indian Institute of Information Technology & Management Gwalior,IT DUAL with MBA,AI,OBC-NCL-PWD,Neutral,672,672
Atal Bihari Vajpayee Indian Institute of Information Technology & Management Gwalior,IT DUAL with MBA,AI,SC,Neutral,2959,3522
Atal Bihari Vajpayee Indian Institute of Information Technology & Management Gwalior,IT DUAL with MBA,AI,SC,Female,6233,6627
Atal Bihari Vajpayee Indian Institute of Information Technology & Management Gwalior,IT DUAL with MBA,AI,ST,Neutral,1586,1727
Atal Bihari Vajpayee Indian Institute of Information Technology & Management Gwalior,IT DUAL with MBA,AI,ST,Female,2529,2529
Atal Bihari Vajpayee Indian Institute of Information Technology & Management Gwalior,Mathematics & Computing,AI,OPEN,Neutral,7420,12085
Atal Bihari Vajpayee Indian Institute of Information Technology & Management Gwalior,Mathematics & Computing,AI,OPEN,Female,15143,15856
Atal Bihari Vajpayee Indian Institute of Information Technology & Management Gwalior,Mathematics & Computing,AI,OPEN-PWD,Neutral,408,408
Atal Bihari Vajpayee Indian Institute of Information Technology & Management Gwalior,Mathematics & Computing,AI,EWS,Neutral,1818,1894
Atal Bihari Vajpayee Indian Institute of Information Technology & Management Gwalior,Mathematics & Computing,AI,EWS,Female,2916,2916
Atal Bihari Vajpayee Indian Institute of Information Technology & Management Gwalior,Mathematics & Computing,AI,OBC-NCL,Neutral,3845,4416
Atal Bihari Vajpayee Indian Institute of Information Technology & Management Gwalior,Mathematics & Computing,AI,OBC-NCL,Female,6119,7704
Atal Bihari Vajpayee Indian Institute of Information Technology & Management Gwalior,Mathematics & Computing,AI,SC,Neutral,2247,2466
Atal Bihari Vajpayee Indian Institute of Information Technology & Management Gwalior,Mathematics & Computing,AI,SC,Female,6320,6320
Atal Bihari Vajpayee Indian Institute of Information Technology & Management Gwalior,Mathematics & Computing,AI,ST,Neutral,1309,1506
Indian Institute of Information Technology (IIIT)Kota Rajasthan,CSE,AI,OPEN,Neutral,12721,22296
Indian Institute of Information Technology (IIIT)Kota Rajasthan,CSE,AI,OPEN,Female,18761,29830
Indian Institute of Information Technology (IIIT)Kota Rajasthan,CSE,AI,OPEN-PWD,Neutral,807,1289
Indian Institute of Information Technology (IIIT)Kota Rajasthan,CSE,AI,OPEN-PWD,Female,1650,1650
Indian Institute of Information Technology (IIIT)Kota Rajasthan,CSE,AI,EWS,Neutral,3447,4201
Indian Institute of Information Technology (IIIT)Kota Rajasthan,CSE,AI,EWS,Female,4592,5281
Indian Institute of Information Technology (IIIT)Kota Rajasthan,CSE,AI,EWS-PWD,Neutral,334,334
Indian Institute of Information Technology (IIIT)Kota Rajasthan,CSE,AI,OBC-NCL,Neutral,5954,9266
Indian Institute of Information Technology (IIIT)Kota Rajasthan,CSE,AI,OBC-NCL,Female,10898,13780
Indian Institute of Information Technology (IIIT)Kota Rajasthan,CSE,AI,OBC-NCL-PWD,Neutral,525,889
Indian Institute of Information Technology (IIIT)Kota Rajasthan,CSE,AI,SC,Neutral,1783,5382
Indian Institute of Information Technology (IIIT)Kota Rajasthan,CSE,AI,SC,Female,4383,6671
Indian Institute of Information Technology (IIIT)Kota Rajasthan,CSE,AI,ST,Neutral,629,3386
Indian Institute of Information Technology (IIIT)Kota Rajasthan,CSE,AI,ST,Female,2740,3764
Indian Institute of Information Technology (IIIT)Kota Rajasthan,ECE,AI,OPEN,Neutral,23154,31608
Indian Institute of Information Technology (IIIT)Kota Rajasthan,ECE,AI,OPEN,Female,31714,33828
Indian Institute of Information Technology (IIIT)Kota Rajasthan,ECE,AI,OPEN-PWD,Neutral,2423,2423
Indian Institute of Information Technology (IIIT)Kota Rajasthan,ECE,AI,EWS,Neutral,4913,5546
Indian Institute of Information Technology (IIIT)Kota Rajasthan,ECE,AI,EWS,Female,6125,6135
Indian Institute of Information Technology (IIIT)Kota Rajasthan,ECE,AI,OBC-NCL,Neutral,10042,12920
Indian Institute of Information Technology (IIIT)Kota Rajasthan,ECE,AI,OBC-NCL,Female,15617,17308
Indian Institute of Information Technology (IIIT)Kota Rajasthan,ECE,AI,SC,Neutral,6416,8237
Indian Institute of Information Technology (IIIT)Kota Rajasthan,ECE,AI,SC,Female,8494,8994
Indian Institute of Information Technology (IIIT)Kota Rajasthan,ECE,AI,ST,Neutral,2483,3871
Indian Institute of Information Technology (IIIT)Kota Rajasthan,ECE,AI,ST,Female,4749,4749
Indian Institute of Information Technology Guwahati,CSE,AI,OPEN,Neutral,15041,20625
Indian Institute of Information Technology Guwahati,CSE,AI,OPEN,Female,22514,30265
Indian Institute of Information Technology Guwahati,CSE,AI,OPEN-PWD,Neutral,844,1125
Indian Institute of Information Technology Guwahati,CSE,AI,EWS,Neutral,3104,3218
Indian Institute of Information Technology Guwahati,CSE,AI,EWS,Female,4695,4695
Indian Institute of Information Technology Guwahati,CSE,AI,OBC-NCL,Neutral,5570,8246
Indian Institute of Information Technology Guwahati,CSE,AI,OBC-NCL,Female,10432,13560
Indian Institute of Information Technology Guwahati,CSE,AI,OBC-NCL-PWD,Neutral,629,629
Indian Institute of Information Technology Guwahati,CSE,AI,SC,Neutral,1928,5043
Indian Institute of Information Technology Guwahati,CSE,AI,SC,Female,6466,6983
Indian Institute of Information Technology Guwahati,CSE,AI,ST,Neutral,1183,2614
Indian Institute of Information Technology Guwahati,CSE,AI,ST,Female,2133,3025
Indian Institute of Information Technology Guwahati,ECE,AI,OPEN,Neutral,6816,32508
Indian Institute of Information Technology Guwahati,ECE,AI,OPEN,Female,30538,35265
Indian Institute of Information Technology Guwahati,ECE,AI,OPEN-PWD,Neutral,1756,1756
Indian Institute of Information Technology Guwahati,ECE,AI,EWS,Neutral,5038,5114
Indian Institute of Information Technology Guwahati,ECE,AI,OBC-NCL,Neutral,9744,13335
Indian Institute of Information Technology Guwahati,ECE,AI,OBC-NCL,Female,15454,17194
Indian Institute of Information Technology Guwahati,ECE,AI,OBC-NCL-PWD,Neutral,1248,1248
Indian Institute of Information Technology Guwahati,ECE,AI,SC,Neutral,6443,8502
Indian Institute of Information Technology Guwahati,ECE,AI,SC,Female,7516,9078
Indian Institute of Information Technology Guwahati,ECE,AI,ST,Neutral,640,3575
Indian Institute of Information Technology Guwahati,ECE,AI,ST,Female,3547,3547
Indian Institute of Information Technology(IIIT) Kalyani West Bengal,CSE,AI,OPEN,Neutral,22025,37195
Indian Institute of Information Technology(IIIT) Kalyani West Bengal,CSE,AI,OPEN-PWD,Neutral,339,402
Indian Institute of Information Technology(IIIT) Kalyani West Bengal,CSE,AI,EWS,Neutral,5840,6249
Indian Institute of Information Technology(IIIT) Kalyani West Bengal,CSE,AI,OBC-NCL,Neutral,10563,14772
Indian Institute of Information Technology(IIIT) Kalyani West Bengal,CSE,AI,OBC-NCL-PWD,Neutral,533,533
Indian Institute of Information Technology(IIIT) Kalyani West Bengal,CSE,AI,SC,Neutral,3646,7001
Indian Institute of Information Technology(IIIT) Kalyani West Bengal,CSE,AI,ST,Neutral,1915,4103
Indian Institute of Information Technology(IIIT) Kalyani West Bengal,ECE,AI,OPEN,Neutral,38022,41775
Indian Institute of Information Technology(IIIT) Kalyani West Bengal,ECE,AI,OPEN-PWD,Neutral,2288,2288
Indian Institute of Information Technology(IIIT) Kalyani West Bengal,ECE,AI,EWS,Neutral,6763,7076
Indian Institute of Information Technology(IIIT) Kalyani West Bengal,ECE,AI,OBC-NCL,Neutral,14843,16321
Indian Institute of Information Technology(IIIT) Kalyani West Bengal,ECE,AI,SC,Neutral,6564,8655
Indian Institute of Information Technology(IIIT) Kalyani West Bengal,ECE,AI,ST,Neutral,4264,4712
Indian Institute of Information Technology(IIIT) Kilohrad Sonepat Haryana,CSE,AI,OPEN,Neutral,17023,25572
Indian Institute of Information Technology(IIIT) Kilohrad Sonepat Haryana,CSE,AI,OPEN-PWD,Neutral,879,1337
Indian Institute of Information Technology(IIIT) Kilohrad Sonepat Haryana,CSE,AI,EWS,Neutral,4004,4519
Indian Institute of Information Technology(IIIT) Kilohrad Sonepat Haryana,CSE,AI,OBC-NCL,Neutral,8182,10361
Indian Institute of Information Technology(IIIT) Kilohrad Sonepat Haryana,CSE,AI,OBC-NCL-PWD,Neutral,1276,1276
Indian Institute of Information Technology(IIIT) Kilohrad Sonepat Haryana,CSE,AI,SC,Neutral,4100,6409
Indian Institute of Information Technology(IIIT) Kilohrad Sonepat Haryana,CSE,AI,ST,Neutral,2930,3883
Indian Institute of Information Technology(IIIT) Kilohrad Sonepat Haryana,IT,AI,OPEN,Neutral,21020,27255
Indian Institute of Information Technology(IIIT) Kilohrad Sonepat Haryana,IT,AI,OPEN-PWD,Neutral,937,937
Indian Institute of Information Technology(IIIT) Kilohrad Sonepat Haryana,IT,AI,EWS,Neutral,4299,4659
Indian Institute of Information Technology(IIIT) Kilohrad Sonepat Haryana,IT,AI,OBC-NCL,Neutral,10425,11845
Indian Institute of Information Technology(IIIT) Kilohrad Sonepat Haryana,IT,AI,SC,Neutral,6535,7380
Indian Institute of Information Technology(IIIT) Kilohrad Sonepat Haryana,IT,AI,ST,Neutral,3954,4547
Indian Institute of Information Technology(IIIT) Una Himachal Pradesh,CSE,AI,OPEN,Neutral,19413,27059
Indian Institute of Information Technology(IIIT) Una Himachal Pradesh,CSE,AI,OPEN,Female,25078,25851
Indian Institute of Information Technology(IIIT) Una Himachal Pradesh,CSE,AI,OPEN-PWD,Neutral,913,913
Indian Institute of Information Technology(IIIT) Una Himachal Pradesh,CSE,AI,EWS,Neutral,4569,4870
Indian Institute of Information Technology(IIIT) Una Himachal Pradesh,CSE,AI,OBC-NCL,Neutral,8007,10959
Indian Institute of Information Technology(IIIT) Una Himachal Pradesh,CSE,AI,OBC-NCL,Female,10269,10269
Indian Institute of Information Technology(IIIT) Una Himachal Pradesh,CSE,AI,SC,Neutral,3435,5737
Indian Institute of Information Technology(IIIT) Una Himachal Pradesh,CSE,AI,ST,Neutral,2684,3255
Indian Institute of Information Technology(IIIT) Una Himachal Pradesh,ECE,AI,OPEN,Neutral,29711,37252
Indian Institute of Information Technology(IIIT) Una Himachal Pradesh,ECE,AI,OPEN,Female,31015,34570
Indian Institute of Information Technology(IIIT) Una Himachal Pradesh,ECE,AI,EWS,Neutral,5958,6474
Indian Institute of Information Technology(IIIT) Una Himachal Pradesh,ECE,AI,OBC-NCL,Neutral,10831,14993
Indian Institute of Information Technology(IIIT) Una Himachal Pradesh,ECE,AI,SC,Neutral,7163,9008
Indian Institute of Information Technology(IIIT) Una Himachal Pradesh,ECE,AI,SC,Female,8070,8070
Indian Institute of Information Technology(IIIT) Una Himachal Pradesh,ECE,AI,ST,Neutral,3199,4510
Indian Institute of Information Technology(IIIT) Una Himachal Pradesh,IT,AI,OPEN,Neutral,27144,30983
Indian Institute of Information Technology(IIIT) Una Himachal Pradesh,IT,AI,OPEN,Female,30776,30844
Indian Institute of Information Technology(IIIT) Una Himachal Pradesh,IT,AI,OPEN-PWD,Neutral,1537,1537
Indian Institute of Information Technology(IIIT) Una Himachal Pradesh,IT,AI,EWS,Neutral,5004,5217
Indian Institute of Information Technology(IIIT) Una Himachal Pradesh,IT,AI,OBC-NCL,Neutral,11230,13015
Indian Institute of Information Technology(IIIT) Una Himachal Pradesh,IT,AI,OBC-NCL,Female,13896,13896
Indian Institute of Information Technology(IIIT) Una Himachal Pradesh,IT,AI,SC,Neutral,5750,7192
Indian Institute of Information Technology(IIIT) Una Himachal Pradesh,IT,AI,ST,Neutral,4421,4726
Indian Institute of Information Technology (IIIT) Sri City Chittoor,AI and DATA SCIENCE,AI,OPEN,Neutral,17087,30151
Indian Institute of Information Technology (IIIT) Sri City Chittoor,AI and DATA SCIENCE,AI,OPEN,Female,29340,31168
Indian Institute of Information Technology (IIIT) Sri City Chittoor,AI and DATA SCIENCE,AI,OPEN-PWD,Neutral,1927,1960
Indian Institute of Information Technology (IIIT) Sri City Chittoor,AI and DATA SCIENCE,AI,EWS,Neutral,4655,5276
Indian Institute of Information Technology (IIIT) Sri City Chittoor,AI and DATA SCIENCE,AI,OBC-NCL,Neutral,8343,12383
Indian Institute of Information Technology (IIIT) Sri City Chittoor,AI and DATA SCIENCE,AI,OBC-NCL,Female,11386,11386
Indian Institute of Information Technology (IIIT) Sri City Chittoor,AI and DATA SCIENCE,AI,SC,Neutral,6201,8315
Indian Institute of Information Technology (IIIT) Sri City Chittoor,AI and DATA SCIENCE,AI,ST,Neutral,1706,3767
Indian Institute of Information Technology (IIIT) Sri City Chittoor,CSE,AI,OPEN,Neutral,11064,27829
Indian Institute of Information Technology (IIIT) Sri City Chittoor,CSE,AI,OPEN,Female,17401,28218
Indian Institute of Information Technology (IIIT) Sri City Chittoor,CSE,AI,OPEN-PWD,Neutral,524,1488
Indian Institute of Information Technology (IIIT) Sri City Chittoor,CSE,AI,EWS,Neutral,4247,5115
Indian Institute of Information Technology (IIIT) Sri City Chittoor,CSE,AI,EWS,Female,4619,5072
Indian Institute of Information Technology (IIIT) Sri City Chittoor,CSE,AI,OBC-NCL,Neutral,7709,11779
Indian Institute of Information Technology (IIIT) Sri City Chittoor,CSE,AI,OBC-NCL,Female,8468,13095
Indian Institute of Information Technology (IIIT) Sri City Chittoor,CSE,AI,OBC-NCL-PWD,Neutral,695,869
Indian Institute of Information Technology (IIIT) Sri City Chittoor,CSE,AI,SC,Neutral,5044,8104
Indian Institute of Information Technology (IIIT) Sri City Chittoor,CSE,AI,SC,Female,5956,6784
Indian Institute of Information Technology (IIIT) Sri City Chittoor,CSE,AI,SC-PWD,Neutral,103,103
Indian Institute of Information Technology (IIIT) Sri City Chittoor,CSE,AI,ST,Neutral,1427,3688
Indian Institute of Information Technology (IIIT) Sri City Chittoor,CSE,AI,ST,Female,3044,3044
Indian Institute of Information Technology (IIIT) Sri City Chittoor,ECE,AI,OPEN,Neutral,26878,38934
Indian Institute of Information Technology (IIIT) Sri City Chittoor,ECE,AI,OPEN,Female,31459,35012
Indian Institute of Information Technology (IIIT) Sri City Chittoor,ECE,AI,OPEN-PWD,Neutral,2145,2145
Indian Institute of Information Technology (IIIT) Sri City Chittoor,ECE,AI,EWS,Neutral,6317,6623
Indian Institute of Information Technology (IIIT) Sri City Chittoor,ECE,AI,OBC-NCL,Neutral,13003,15280
Indian Institute of Information Technology (IIIT) Sri City Chittoor,ECE,AI,OBC-NCL,Female,14500,14643
Indian Institute of Information Technology (IIIT) Sri City Chittoor,ECE,AI,SC,Neutral,6921,9336
Indian Institute of Information Technology (IIIT) Sri City Chittoor,ECE,AI,SC,Female,7935,7935
Indian Institute of Information Technology (IIIT) Sri City Chittoor,ECE,AI,ST,Neutral,3122,4083
Indian Institute of Information Technology(IIIT) Vadodara Gujrat,CSE,AI,OPEN,Neutral,14349,21987
Indian Institute of Information Technology(IIIT) Vadodara Gujrat,CSE,AI,OPEN,Female,14659,28372
Indian Institute of Information Technology(IIIT) Vadodara Gujrat,CSE,AI,OPEN-PWD,Neutral,1485,1529
Indian Institute of Information Technology(IIIT) Vadodara Gujrat,CSE,AI,OPEN-PWD,Female,1238,1238
Indian Institute of Information Technology(IIIT) Vadodara Gujrat,CSE,AI,EWS,Neutral,3285,3646
Indian Institute of Information Technology(IIIT) Vadodara Gujrat,CSE,AI,EWS,Female,5214,5382
Indian Institute of Information Technology(IIIT) Vadodara Gujrat,CSE,AI,OBC-NCL,Neutral,5833,9294
Indian Institute of Information Technology(IIIT) Vadodara Gujrat,CSE,AI,OBC-NCL,Female,11266,13356
Indian Institute of Information Technology(IIIT) Vadodara Gujrat,CSE,AI,OBC-NCL-PWD,Neutral,741,766
Indian Institute of Information Technology(IIIT) Vadodara Gujrat,CSE,AI,SC,Neutral,3763,6046
Indian Institute of Information Technology(IIIT) Vadodara Gujrat,CSE,AI,SC,Female,3502,6840
Indian Institute of Information Technology(IIIT) Vadodara Gujrat,CSE,AI,ST,Neutral,2532,3236
Indian Institute of Information Technology(IIIT) Vadodara Gujrat,CSE,AI,ST,Female,3944,4387
Indian Institute of Information Technology(IIIT) Vadodara Gujrat,IT,AI,OPEN,Neutral,22404,23671
Indian Institute of Information Technology(IIIT) Vadodara Gujrat,IT,AI,OPEN,Female,29158,30854
Indian Institute of Information Technology(IIIT) Vadodara Gujrat,IT,AI,OPEN-PWD,Neutral,1297,1297
Indian Institute of Information Technology(IIIT) Vadodara Gujrat,IT,AI,EWS,Neutral,3745,3821
Indian Institute of Information Technology(IIIT) Vadodara Gujrat,IT,AI,EWS,Female,5383,5383
Indian Institute of Information Technology(IIIT) Vadodara Gujrat,IT,AI,OBC-NCL,Neutral,9367,10166
Indian Institute of Information Technology(IIIT) Vadodara Gujrat,IT,AI,OBC-NCL,Female,11639,13599
Indian Institute of Information Technology(IIIT) Vadodara Gujrat,IT,AI,OBC-NCL-PWD,Neutral,791,791
Indian Institute of Information Technology(IIIT) Vadodara Gujrat,IT,AI,SC,Neutral,4178,6928
Indian Institute of Information Technology(IIIT) Vadodara Gujrat,IT,AI,SC,Female,7428,7428
Indian Institute of Information Technology(IIIT) Vadodara Gujrat,IT,AI,ST,Neutral,3302,3489
Indian Institute of Information Technology Allahabad,ECE,AI,OPEN,Neutral,4501,9270
Indian Institute of Information Technology Allahabad,ECE,AI,OPEN,Female,13241,15613
Indian Institute of Information Technology Allahabad,ECE,AI,OPEN-PWD,Neutral,236,331
Indian Institute of Information Technology Allahabad,ECE,AI,OPEN-PWD,Female,729,729
Indian Institute of Information Technology Allahabad,ECE,AI,EWS,Neutral,1287,1554
Indian Institute of Information Technology Allahabad,ECE,AI,EWS,Female,2477,2783
Indian Institute of Information Technology Allahabad,ECE,AI,EWS-PWD,Neutral,100,100
Indian Institute of Information Technology Allahabad,ECE,AI,OBC-NCL,Neutral,2577,3725
Indian Institute of Information Technology Allahabad,ECE,AI,OBC-NCL,Female,5375,8771
Indian Institute of Information Technology Allahabad,ECE,AI,OBC-NCL-PWD,Neutral,191,191
Indian Institute of Information Technology Allahabad,ECE,AI,SC,Neutral,1534,2472
Indian Institute of Information Technology Allahabad,ECE,AI,SC,Female,2845,4163
Indian Institute of Information Technology Allahabad,ECE,AI,ST,Neutral,741,1101
Indian Institute of Information Technology Allahabad,ECE,AI,ST,Female,1300,1903
Indian Institute of Information Technology Allahabad,IT,AI,OPEN,Neutral,672,5378
Indian Institute of Information Technology Allahabad,IT,AI,OPEN,Female,3098,10101
Indian Institute of Information Technology Allahabad,IT,AI,OPEN-PWD,Neutral,116,208
Indian Institute of Information Technology Allahabad,IT,AI,OPEN-PWD,Female,581,581
Indian Institute of Information Technology Allahabad,IT,AI,EWS,Neutral,696,953
Indian Institute of Information Technology Allahabad,IT,AI,EWS,Female,1683,2029
Indian Institute of Information Technology Allahabad,IT,AI,EWS-PWD,Neutral,62,62
Indian Institute of Information Technology Allahabad,IT,AI,OBC-NCL,Neutral,1178,2424
Indian Institute of Information Technology Allahabad,IT,AI,OBC-NCL,Female,2893,4539
Indian Institute of Information Technology Allahabad,IT,AI,OBC-NCL-PWD,Neutral,84,94
Indian Institute of Information Technology Allahabad,IT,AI,SC,Neutral,321,1335
Indian Institute of Information Technology Allahabad,IT,AI,SC,Female,1819,2714
Indian Institute of Information Technology Allahabad,IT,AI,SC-PWD,Neutral,22,47
Indian Institute of Information Technology Allahabad,IT,AI,ST,Neutral,207,654
Indian Institute of Information Technology Allahabad,IT,AI,ST,Female,859,1187
Indian Institute of Information Technology Allahabad,Information Technology-Business Informatics,AI,OPEN,Neutral,3483,5780
Indian Institute of Information Technology Allahabad,Information Technology-Business Informatics,AI,OPEN,Female,10320,10455
Indian Institute of Information Technology Allahabad,Information Technology-Business Informatics,AI,OPEN-PWD,Neutral,319,319
Indian Institute of Information Technology Allahabad,Information Technology-Business Informatics,AI,EWS,Neutral,956,1000
Indian Institute of Information Technology Allahabad,Information Technology-Business Informatics,AI,EWS,Female,2373,2373
Indian Institute of Information Technology Allahabad,Information Technology-Business Informatics,AI,OBC-NCL,Neutral,2439,2598
Indian Institute of Information Technology Allahabad,Information Technology-Business Informatics,AI,OBC-NCL,Female,4727,4841
Indian Institute of Information Technology Allahabad,Information Technology-Business Informatics,AI,OBC-NCL-PWD,Neutral,187,187
Indian Institute of Information Technology Allahabad,Information Technology-Business Informatics,AI,SC,Neutral,1080,1514
Indian Institute of Information Technology Allahabad,Information Technology-Business Informatics,AI,SC,Female,2744,2744
Indian Institute of Information Technology Allahabad,Information Technology-Business Informatics,AI,ST,Neutral,679,766
Indian Institute of Information Technology Allahabad,Information Technology-Business Informatics,AI,ST,Female,1228,1228
Indian Institute of Information Technology Design & Manufacturing Kancheepuram,ECE DUAL,AI,OPEN,Neutral,21555,33695
Indian Institute of Information Technology Design & Manufacturing Kancheepuram,ECE DUAL,AI,EWS,Neutral,5811,6579
Indian Institute of Information Technology Design & Manufacturing Kancheepuram,ECE DUAL,AI,OBC-NCL,Neutral,10554,11813
Indian Institute of Information Technology Design & Manufacturing Kancheepuram,ECE DUAL,AI,OBC-NCL-PWD,Neutral,1165,1165
Indian Institute of Information Technology Design & Manufacturing Kancheepuram,ECE DUAL,AI,SC,Neutral,6400,7472
Indian Institute of Information Technology Design & Manufacturing Kancheepuram,ECE DUAL,AI,ST,Neutral,2512,2512
Indian Institute of Information Technology Design & Manufacturing Kancheepuram,ECE DUAL VLSI,AI,OPEN,Neutral,20021,32242
Indian Institute of Information Technology Design & Manufacturing Kancheepuram,ECE DUAL VLSI,AI,OPEN-PWD,Neutral,1012,1012
Indian Institute of Information Technology Design & Manufacturing Kancheepuram,ECE DUAL VLSI,AI,EWS,Neutral,5720,6153
Indian Institute of Information Technology Design & Manufacturing Kancheepuram,ECE DUAL VLSI,AI,OBC-NCL,Neutral,10691,11225
Indian Institute of Information Technology Design & Manufacturing Kancheepuram,ECE DUAL VLSI,AI,SC,Neutral,4531,6518
Indian Institute of Information Technology Design & Manufacturing Kancheepuram,ECE DUAL VLSI,AI,ST,Neutral,2550,2763
Indian Institute of Information Technology Design & Manufacturing Kancheepuram,CSE,AI,OPEN,Neutral,10753,16986
Indian Institute of Information Technology Design & Manufacturing Kancheepuram,CSE,AI,OPEN,Female,11974,18398
Indian Institute of Information Technology Design & Manufacturing Kancheepuram,CSE,AI,OPEN-PWD,Neutral,488,488
Indian Institute of Information Technology Design & Manufacturing Kancheepuram,CSE,AI,OPEN-PWD,Female,865,865
Indian Institute of Information Technology Design & Manufacturing Kancheepuram,CSE,AI,EWS,Neutral,2499,2879
Indian Institute of Information Technology Design & Manufacturing Kancheepuram,CSE,AI,EWS,Female,3242,3366
Indian Institute of Information Technology Design & Manufacturing Kancheepuram,CSE,AI,OBC-NCL,Neutral,4251,6457
Indian Institute of Information Technology Design & Manufacturing Kancheepuram,CSE,AI,OBC-NCL,Female,6751,7604
Indian Institute of Information Technology Design & Manufacturing Kancheepuram,CSE,AI,OBC-NCL-PWD,Neutral,361,361
Indian Institute of Information Technology Design & Manufacturing Kancheepuram,CSE,AI,SC,Neutral,2169,3743
Indian Institute of Information Technology Design & Manufacturing Kancheepuram,CSE,AI,SC,Female,4140,5572
Indian Institute of Information Technology Design & Manufacturing Kancheepuram,CSE,AI,ST,Neutral,1238,1710
Indian Institute of Information Technology Design & Manufacturing Kancheepuram,CSE,AI,ST,Female,2285,2285
Indian Institute of Information Technology Design & Manufacturing Kancheepuram,CSE DUAL,AI,OPEN,Neutral,10931,21779
Indian Institute of Information Technology Design & Manufacturing Kancheepuram,CSE DUAL,AI,OPEN-PWD,Neutral,1083,1083
Indian Institute of Information Technology Design & Manufacturing Kancheepuram,CSE DUAL,AI,EWS,Neutral,3269,4185
Indian Institute of Information Technology Design & Manufacturing Kancheepuram,CSE DUAL,AI,OBC-NCL,Neutral,7865,9236
Indian Institute of Information Technology Design & Manufacturing Kancheepuram,CSE DUAL,AI,OBC-NCL-PWD,Neutral,452,452
Indian Institute of Information Technology Design & Manufacturing Kancheepuram,CSE DUAL,AI,SC,Neutral,3923,4502
Indian Institute of Information Technology Design & Manufacturing Kancheepuram,CSE DUAL,AI,ST,Neutral,1652,2167
Indian Institute of Information Technology Design & Manufacturing Kancheepuram,CSE with AI,AI,OPEN,Neutral,8539,17188
Indian Institute of Information Technology Design & Manufacturing Kancheepuram,CSE with AI,AI,OPEN,Female,10596,19586
Indian Institute of Information Technology Design & Manufacturing Kancheepuram,CSE with AI,AI,OPEN-PWD,Neutral,784,784
Indian Institute of Information Technology Design & Manufacturing Kancheepuram,CSE with AI,AI,EWS,Neutral,2576,2895
Indian Institute of Information Technology Design & Manufacturing Kancheepuram,CSE with AI,AI,EWS,Female,3297,3297
Indian Institute of Information Technology Design & Manufacturing Kancheepuram,CSE with AI,AI,OBC-NCL,Neutral,4218,6915
Indian Institute of Information Technology Design & Manufacturing Kancheepuram,CSE with AI,AI,OBC-NCL,Female,8289,8542
Indian Institute of Information Technology Design & Manufacturing Kancheepuram,CSE with AI,AI,OBC-NCL-PWD,Neutral,396,396
Indian Institute of Information Technology Design & Manufacturing Kancheepuram,CSE with AI,AI,SC,Neutral,2029,3874
Indian Institute of Information Technology Design & Manufacturing Kancheepuram,CSE with AI,AI,SC,Female,4862,4862
Indian Institute of Information Technology Design & Manufacturing Kancheepuram,CSE with AI,AI,ST,Neutral,1662,1817
Indian Institute of Information Technology Design & Manufacturing Kancheepuram,CSE with AI,AI,ST,Female,2556,2556
Indian Institute of Information Technology Design & Manufacturing Kancheepuram,ECE,AI,OPEN,Neutral,16473,26657
Indian Institute of Information Technology Design & Manufacturing Kancheepuram,ECE,AI,OPEN,Female,18674,26978
Indian Institute of Information Technology Design & Manufacturing Kancheepuram,ECE,AI,OPEN-PWD,Neutral,928,1993
Indian Institute of Information Technology Design & Manufacturing Kancheepuram,ECE,AI,EWS,Neutral,4114,4745
Indian Institute of Information Technology Design & Manufacturing Kancheepuram,ECE,AI,EWS,Female,4656,5018
Indian Institute of Information Technology Design & Manufacturing Kancheepuram,ECE,AI,OBC-NCL,Neutral,7301,9893
Indian Institute of Information Technology Design & Manufacturing Kancheepuram,ECE,AI,OBC-NCL,Female,9139,11829
Indian Institute of Information Technology Design & Manufacturing Kancheepuram,ECE,AI,SC,Neutral,4285,5731
Indian Institute of Information Technology Design & Manufacturing Kancheepuram,ECE,AI,SC,Female,5999,6325
Indian Institute of Information Technology Design & Manufacturing Kancheepuram,ECE,AI,ST,Neutral,1070,2343
Indian Institute of Information Technology Design & Manufacturing Kancheepuram,ECE,AI,ST,Female,2813,2908
Indian Institute of Information Technology Design & Manufacturing Kancheepuram,MECHANICAL,AI,OPEN,Neutral,33030,46172
Indian Institute of Information Technology Design & Manufacturing Kancheepuram,MECHANICAL,AI,OPEN,Female,31986,46040
Indian Institute of Information Technology Design & Manufacturing Kancheepuram,MECHANICAL,AI,EWS,Neutral,7539,7708
Indian Institute of Information Technology Design & Manufacturing Kancheepuram,MECHANICAL,AI,EWS,Female,8950,9595
Indian Institute of Information Technology Design & Manufacturing Kancheepuram,MECHANICAL,AI,OBC-NCL,Neutral,13436,15881
Indian Institute of Information Technology Design & Manufacturing Kancheepuram,MECHANICAL,AI,OBC-NCL,Female,13549,17991
Indian Institute of Information Technology Design & Manufacturing Kancheepuram,MECHANICAL,AI,SC,Neutral,6300,8868
Indian Institute of Information Technology Design & Manufacturing Kancheepuram,MECHANICAL,AI,SC,Female,8863,9566
Indian Institute of Information Technology Design & Manufacturing Kancheepuram,MECHANICAL,AI,ST,Neutral,2778,3693
Indian Institute of Information Technology Design & Manufacturing Kancheepuram,MECHANICAL,AI,ST,Female,4700,4700
Indian Institute of Information Technology Design & Manufacturing Kancheepuram,SMART MANUFACTURING,AI,OPEN,Neutral,37317,46080
Indian Institute of Information Technology Design & Manufacturing Kancheepuram,SMART MANUFACTURING,AI,OPEN,Female,36898,46008
Indian Institute of Information Technology Design & Manufacturing Kancheepuram,SMART MANUFACTURING,AI,OPEN-PWD,Neutral,1725,1725
Indian Institute of Information Technology Design & Manufacturing Kancheepuram,SMART MANUFACTURING,AI,EWS,Neutral,7714,9113
Indian Institute of Information Technology Design & Manufacturing Kancheepuram,SMART MANUFACTURING,AI,EWS,Female,8386,8386
Indian Institute of Information Technology Design & Manufacturing Kancheepuram,SMART MANUFACTURING,AI,OBC-NCL,Neutral,13642,15063
Indian Institute of Information Technology Design & Manufacturing Kancheepuram,SMART MANUFACTURING,AI,OBC-NCL,Female,15479,17489
Indian Institute of Information Technology Design & Manufacturing Kancheepuram,SMART MANUFACTURING,AI,SC,Neutral,6548,9503
Indian Institute of Information Technology Design & Manufacturing Kancheepuram,SMART MANUFACTURING,AI,SC,Female,7378,7378
Indian Institute of Information Technology Design & Manufacturing Kancheepuram,SMART MANUFACTURING,AI,ST,Neutral,3674,3817
Indian Institute of Information Technology Design & Manufacturing Kancheepuram,SMART MANUFACTURING,AI,ST,Female,5069,5069
Pt. Dwarka Prasad Mishra Indian Institute of Information Technology Design & Manufacture Jabalpur,CSE,AI,OPEN,Neutral,8582,14584
Pt. Dwarka Prasad Mishra Indian Institute of Information Technology Design & Manufacture Jabalpur,CSE,AI,OPEN,Female,16912,22392
Pt. Dwarka Prasad Mishra Indian Institute of Information Technology Design & Manufacture Jabalpur,CSE,AI,OPEN-PWD,Neutral,346,763
Pt. Dwarka Prasad Mishra Indian Institute of Information Technology Design & Manufacture Jabalpur,CSE,AI,OPEN-PWD,Female,1572,1572
Pt. Dwarka Prasad Mishra Indian Institute of Information Technology Design & Manufacture Jabalpur,CSE,AI,EWS,Neutral,2131,2360
Pt. Dwarka Prasad Mishra Indian Institute of Information Technology Design & Manufacture Jabalpur,CSE,AI,EWS,Female,3462,4123
Pt. Dwarka Prasad Mishra Indian Institute of Information Technology Design & Manufacture Jabalpur,CSE,AI,EWS-PWD,Neutral,133,133
Pt. Dwarka Prasad Mishra Indian Institute of Information Technology Design & Manufacture Jabalpur,CSE,AI,OBC-NCL,Neutral,3478,5506
Pt. Dwarka Prasad Mishra Indian Institute of Information Technology Design & Manufacture Jabalpur,CSE,AI,OBC-NCL,Female,7143,10519
Pt. Dwarka Prasad Mishra Indian Institute of Information Technology Design & Manufacture Jabalpur,CSE,AI,OBC-NCL-PWD,Neutral,344,431
Pt. Dwarka Prasad Mishra Indian Institute of Information Technology Design & Manufacture Jabalpur,CSE,AI,OBC-NCL-PWD,Female,1185,1185
Pt. Dwarka Prasad Mishra Indian Institute of Information Technology Design & Manufacture Jabalpur,CSE,AI,SC,Neutral,1959,3389
Pt. Dwarka Prasad Mishra Indian Institute of Information Technology Design & Manufacture Jabalpur,CSE,AI,SC,Female,3363,5414
Pt. Dwarka Prasad Mishra Indian Institute of Information Technology Design & Manufacture Jabalpur,CSE,AI,SC-PWD,Neutral,129,144
Pt. Dwarka Prasad Mishra Indian Institute of Information Technology Design & Manufacture Jabalpur,CSE,AI,ST,Neutral,834,1624
Pt. Dwarka Prasad Mishra Indian Institute of Information Technology Design & Manufacture Jabalpur,CSE,AI,ST,Female,1724,1806
Pt. Dwarka Prasad Mishra Indian Institute of Information Technology Design & Manufacture Jabalpur,ECE,AI,OPEN,Neutral,14592,20213
Pt. Dwarka Prasad Mishra Indian Institute of Information Technology Design & Manufacture Jabalpur,ECE,AI,OPEN,Female,23293,27827
Pt. Dwarka Prasad Mishra Indian Institute of Information Technology Design & Manufacture Jabalpur,ECE,AI,OPEN-PWD,Neutral,860,1797
Pt. Dwarka Prasad Mishra Indian Institute of Information Technology Design & Manufacture Jabalpur,ECE,AI,OPEN-PWD,Female,1763,1763
Pt. Dwarka Prasad Mishra Indian Institute of Information Technology Design & Manufacture Jabalpur,ECE,AI,EWS,Neutral,2997,3476
Pt. Dwarka Prasad Mishra Indian Institute of Information Technology Design & Manufacture Jabalpur,ECE,AI,EWS,Female,4378,5479
Pt. Dwarka Prasad Mishra Indian Institute of Information Technology Design & Manufacture Jabalpur,ECE,AI,OBC-NCL,Neutral,5790,7910
Pt. Dwarka Prasad Mishra Indian Institute of Information Technology Design & Manufacture Jabalpur,ECE,AI,OBC-NCL,Female,11336,13494
Pt. Dwarka Prasad Mishra Indian Institute of Information Technology Design & Manufacture Jabalpur,ECE,AI,SC,Neutral,3454,4310
Pt. Dwarka Prasad Mishra Indian Institute of Information Technology Design & Manufacture Jabalpur,ECE,AI,SC,Female,5648,6887
Pt. Dwarka Prasad Mishra Indian Institute of Information Technology Design & Manufacture Jabalpur,ECE,AI,ST,Neutral,1696,2145
Pt. Dwarka Prasad Mishra Indian Institute of Information Technology Design & Manufacture Jabalpur,ECE,AI,ST,Female,2429,2478
Pt. Dwarka Prasad Mishra Indian Institute of Information Technology Design & Manufacture Jabalpur,MECHANICAL,AI,OPEN,Neutral,36064,42814
Pt. Dwarka Prasad Mishra Indian Institute of Information Technology Design & Manufacture Jabalpur,MECHANICAL,AI,OPEN,Female,42448,52355
Pt. Dwarka Prasad Mishra Indian Institute of Information Technology Design & Manufacture Jabalpur,MECHANICAL,AI,EWS,Neutral,6850,7535
Pt. Dwarka Prasad Mishra Indian Institute of Information Technology Design & Manufacture Jabalpur,MECHANICAL,AI,EWS,Female,8738,9589
Pt. Dwarka Prasad Mishra Indian Institute of Information Technology Design & Manufacture Jabalpur,MECHANICAL,AI,OBC-NCL,Neutral,13363,16028
Pt. Dwarka Prasad Mishra Indian Institute of Information Technology Design & Manufacture Jabalpur,MECHANICAL,AI,OBC-NCL,Female,18977,20618
Pt. Dwarka Prasad Mishra Indian Institute of Information Technology Design & Manufacture Jabalpur,MECHANICAL,AI,SC,Neutral,6497,8187
Pt. Dwarka Prasad Mishra Indian Institute of Information Technology Design & Manufacture Jabalpur,MECHANICAL,AI,SC,Female,9800,11249
Pt. Dwarka Prasad Mishra Indian Institute of Information Technology Design & Manufacture Jabalpur,MECHANICAL,AI,ST,Neutral,2831,3281
Pt. Dwarka Prasad Mishra Indian Institute of Information Technology Design & Manufacture Jabalpur,MECHANICAL,AI,ST,Female,4397,4397
Pt. Dwarka Prasad Mishra Indian Institute of Information Technology Design & Manufacture Jabalpur,SMART MANUFACTURING,AI,OPEN,Neutral,33753,51508
Pt. Dwarka Prasad Mishra Indian Institute of Information Technology Design & Manufacture Jabalpur,SMART MANUFACTURING,AI,OPEN,Female,50101,60333
Pt. Dwarka Prasad Mishra Indian Institute of Information Technology Design & Manufacture Jabalpur,SMART MANUFACTURING,AI,EWS,Neutral,8414,9048
Pt. Dwarka Prasad Mishra Indian Institute of Information Technology Design & Manufacture Jabalpur,SMART MANUFACTURING,AI,EWS,Female,10101,10101
Pt. Dwarka Prasad Mishra Indian Institute of Information Technology Design & Manufacture Jabalpur,SMART MANUFACTURING,AI,OBC-NCL,Neutral,15446,17893
Pt. Dwarka Prasad Mishra Indian Institute of Information Technology Design & Manufacture Jabalpur,SMART MANUFACTURING,AI,OBC-NCL,Female,19142,20458
Pt. Dwarka Prasad Mishra Indian Institute of Information Technology Design & Manufacture Jabalpur,SMART MANUFACTURING,AI,SC,Neutral,7446,9305
Pt. Dwarka Prasad Mishra Indian Institute of Information Technology Design & Manufacture Jabalpur,SMART MANUFACTURING,AI,SC,Female,10899,11084
Pt. Dwarka Prasad Mishra Indian Institute of Information Technology Design & Manufacture Jabalpur,SMART MANUFACTURING,AI,ST,Neutral,3737,3816
Pt. Dwarka Prasad Mishra Indian Institute of Information Technology Design & Manufacture Jabalpur,SMART MANUFACTURING,AI,ST,Female,3727,3727
INDIAN INSTITUTE OF INFORMATION TECHNOLOGY SENAPATI MANIPUR,CSE,AI,OPEN,Neutral,30517,46351
INDIAN INSTITUTE OF INFORMATION TECHNOLOGY SENAPATI MANIPUR,CSE,AI,OPEN,Female,42001,50763
INDIAN INSTITUTE OF INFORMATION TECHNOLOGY SENAPATI MANIPUR,CSE,AI,EWS,Neutral,7576,7796
INDIAN INSTITUTE OF INFORMATION TECHNOLOGY SENAPATI MANIPUR,CSE,AI,EWS,Female,8740,9197
INDIAN INSTITUTE OF INFORMATION TECHNOLOGY SENAPATI MANIPUR,CSE,AI,OBC-NCL,Neutral,14099,16697
INDIAN INSTITUTE OF INFORMATION TECHNOLOGY SENAPATI MANIPUR,CSE,AI,OBC-NCL,Female,17464,20614
INDIAN INSTITUTE OF INFORMATION TECHNOLOGY SENAPATI MANIPUR,CSE,AI,SC,Neutral,7504,10021
INDIAN INSTITUTE OF INFORMATION TECHNOLOGY SENAPATI MANIPUR,CSE,AI,SC,Female,8191,10249
INDIAN INSTITUTE OF INFORMATION TECHNOLOGY SENAPATI MANIPUR,CSE,AI,ST,Neutral,4235,4672
INDIAN INSTITUTE OF INFORMATION TECHNOLOGY SENAPATI MANIPUR,CSE,AI,ST,Female,4426,4990
INDIAN INSTITUTE OF INFORMATION TECHNOLOGY SENAPATI MANIPUR,CSE with AI,AI,OPEN,Neutral,38136,45374
INDIAN INSTITUTE OF INFORMATION TECHNOLOGY SENAPATI MANIPUR,CSE with AI,AI,EWS,Neutral,7345,7655
INDIAN INSTITUTE OF INFORMATION TECHNOLOGY SENAPATI MANIPUR,CSE with AI,AI,OBC-NCL,Neutral,13284,16695
INDIAN INSTITUTE OF INFORMATION TECHNOLOGY SENAPATI MANIPUR,CSE with AI,AI,SC,Neutral,8461,9403
INDIAN INSTITUTE OF INFORMATION TECHNOLOGY SENAPATI MANIPUR,CSE with AI,AI,ST,Neutral,4471,4773
INDIAN INSTITUTE OF INFORMATION TECHNOLOGY SENAPATI MANIPUR,ECE,AI,OPEN,Neutral,38020,53342
INDIAN INSTITUTE OF INFORMATION TECHNOLOGY SENAPATI MANIPUR,ECE,AI,OPEN,Female,53010,60618
INDIAN INSTITUTE OF INFORMATION TECHNOLOGY SENAPATI MANIPUR,ECE,AI,EWS,Neutral,8679,8929
INDIAN INSTITUTE OF INFORMATION TECHNOLOGY SENAPATI MANIPUR,ECE,AI,EWS,Female,9894,10091
INDIAN INSTITUTE OF INFORMATION TECHNOLOGY SENAPATI MANIPUR,ECE,AI,OBC-NCL,Neutral,16826,18275
INDIAN INSTITUTE OF INFORMATION TECHNOLOGY SENAPATI MANIPUR,ECE,AI,OBC-NCL,Female,20826,21641
INDIAN INSTITUTE OF INFORMATION TECHNOLOGY SENAPATI MANIPUR,ECE,AI,SC,Neutral,9527,10548
INDIAN INSTITUTE OF INFORMATION TECHNOLOGY SENAPATI MANIPUR,ECE,AI,SC,Female,10624,11672
INDIAN INSTITUTE OF INFORMATION TECHNOLOGY SENAPATI MANIPUR,ECE,AI,ST,Neutral,4329,5199
INDIAN INSTITUTE OF INFORMATION TECHNOLOGY SENAPATI MANIPUR,ECE,AI,ST,Female,5224,5461
INDIAN INSTITUTE OF INFORMATION TECHNOLOGY SENAPATI MANIPUR,ECE with VLSI,AI,OPEN,Neutral,40725,53716
INDIAN INSTITUTE OF INFORMATION TECHNOLOGY SENAPATI MANIPUR,ECE with VLSI,AI,EWS,Neutral,8884,9018
INDIAN INSTITUTE OF INFORMATION TECHNOLOGY SENAPATI MANIPUR,ECE with VLSI,AI,OBC-NCL,Neutral,16353,17839
INDIAN INSTITUTE OF INFORMATION TECHNOLOGY SENAPATI MANIPUR,ECE with VLSI,AI,SC,Neutral,9674,10446
INDIAN INSTITUTE OF INFORMATION TECHNOLOGY SENAPATI MANIPUR,ECE with VLSI,AI,ST,Neutral,4819,5166
Indian Institute of Information Technology Tiruchirappalli,CSE,AI,OPEN,Neutral,22539,28888
Indian Institute of Information Technology Tiruchirappalli,CSE,AI,OPEN,Female,23908,35114
Indian Institute of Information Technology Tiruchirappalli,CSE,AI,OPEN-PWD,Neutral,750,750
Indian Institute of Information Technology Tiruchirappalli,CSE,AI,EWS,Neutral,4639,4862
Indian Institute of Information Technology Tiruchirappalli,CSE,AI,EWS,Female,5822,6552
Indian Institute of Information Technology Tiruchirappalli,CSE,AI,OBC-NCL,Neutral,8515,10880
Indian Institute of Information Technology Tiruchirappalli,CSE,AI,OBC-NCL,Female,11384,14313
Indian Institute of Information Technology Tiruchirappalli,CSE,AI,OBC-NCL-PWD,Neutral,300,300
Indian Institute of Information Technology Tiruchirappalli,CSE,AI,SC,Neutral,4029,5409
Indian Institute of Information Technology Tiruchirappalli,CSE,AI,SC,Female,7006,7660
Indian Institute of Information Technology Tiruchirappalli,CSE,AI,ST,Neutral,1277,2144
Indian Institute of Information Technology Tiruchirappalli,CSE,AI,ST,Female,1825,2638
Indian Institute of Information Technology Tiruchirappalli,ECE,AI,OPEN,Neutral,31238,38121
Indian Institute of Information Technology Tiruchirappalli,ECE,AI,OPEN,Female,34148,40183
Indian Institute of Information Technology Tiruchirappalli,ECE,AI,OPEN-PWD,Neutral,465,465
Indian Institute of Information Technology Tiruchirappalli,ECE,AI,EWS,Neutral,5993,6520
Indian Institute of Information Technology Tiruchirappalli,ECE,AI,EWS,Female,7168,7495
Indian Institute of Information Technology Tiruchirappalli,ECE,AI,OBC-NCL,Neutral,10789,13479
Indian Institute of Information Technology Tiruchirappalli,ECE,AI,OBC-NCL,Female,12913,17458
Indian Institute of Information Technology Tiruchirappalli,ECE,AI,SC,Neutral,3844,8368
Indian Institute of Information Technology Tiruchirappalli,ECE,AI,SC,Female,7968,9249
Indian Institute of Information Technology Tiruchirappalli,ECE,AI,ST,Neutral,2888,3212
Indian Institute of Information Technology Tiruchirappalli,ECE,AI,ST,Female,3543,3648
Indian Institute of Information Technology Lucknow,CSE,AI,OPEN,Neutral,5810,9844
Indian Institute of Information Technology Lucknow,CSE,AI,OPEN,Female,11773,16328
Indian Institute of Information Technology Lucknow,CSE,AI,OPEN-PWD,Neutral,359,359
Indian Institute of Information Technology Lucknow,CSE,AI,EWS,Neutral,1584,1635
Indian Institute of Information Technology Lucknow,CSE,AI,OBC-NCL,Neutral,2962,4018
Indian Institute of Information Technology Lucknow,CSE,AI,OBC-NCL,Female,5341,6480
Indian Institute of Information Technology Lucknow,CSE,AI,OBC-NCL-PWD,Neutral,282,282
Indian Institute of Information Technology Lucknow,CSE,AI,SC,Neutral,1840,2709
Indian Institute of Information Technology Lucknow,CSE,AI,SC,Female,3823,3868
Indian Institute of Information Technology Lucknow,CSE,AI,ST,Neutral,1287,1783
Indian Institute of Information Technology Lucknow,CSE,AI,ST,Female,3015,3015
Indian Institute of Information Technology Lucknow,CSE with AI,AI,OPEN,Neutral,6997,9545
Indian Institute of Information Technology Lucknow,CSE with AI,AI,OPEN,Female,14345,16486
Indian Institute of Information Technology Lucknow,CSE with AI,AI,OPEN-PWD,Neutral,340,340
Indian Institute of Information Technology Lucknow,CSE with AI,AI,EWS,Neutral,1336,1535
Indian Institute of Information Technology Lucknow,CSE with AI,AI,EWS,Female,3284,3284
Indian Institute of Information Technology Lucknow,CSE with AI,AI,OBC-NCL,Neutral,2668,3703
Indian Institute of Information Technology Lucknow,CSE with AI,AI,OBC-NCL,Female,6356,6897
Indian Institute of Information Technology Lucknow,CSE with AI,AI,OBC-NCL-PWD,Neutral,221,221
Indian Institute of Information Technology Lucknow,CSE with AI,AI,SC,Neutral,1779,2767
Indian Institute of Information Technology Lucknow,CSE with AI,AI,SC,Female,3625,3625
Indian Institute of Information Technology Lucknow,CSE with AI,AI,ST,Neutral,998,1745
Indian Institute of Information Technology Lucknow,CSE with AI,AI,ST,Female,2454,2454
Indian Institute of Information Technology Lucknow,Computer Science and Business,AI,OPEN,Neutral,9932,11175
Indian Institute of Information Technology Lucknow,Computer Science and Business,AI,OPEN,Female,16158,18045
Indian Institute of Information Technology Lucknow,Computer Science and Business,AI,OPEN-PWD,Neutral,615,615
Indian Institute of Information Technology Lucknow,Computer Science and Business,AI,EWS,Neutral,1609,1803
Indian Institute of Information Technology Lucknow,Computer Science and Business,AI,EWS,Female,4054,4054
Indian Institute of Information Technology Lucknow,Computer Science and Business,AI,OBC-NCL,Neutral,3425,4753
Indian Institute of Information Technology Lucknow,Computer Science and Business,AI,OBC-NCL,Female,9145,9475
Indian Institute of Information Technology Lucknow,Computer Science and Business,AI,OBC-NCL-PWD,Neutral,529,529
Indian Institute of Information Technology Lucknow,Computer Science and Business,AI,SC,Neutral,2814,3287
Indian Institute of Information Technology Lucknow,Computer Science and Business,AI,SC,Female,5211,5318
Indian Institute of Information Technology Lucknow,Computer Science and Business,AI,ST,Neutral,1596,2010
Indian Institute of Information Technology Lucknow,Computer Science and Business,AI,ST,Female,2798,2798
Indian Institute of Information Technology Lucknow,IT,AI,OPEN,Neutral,10177,11947
Indian Institute of Information Technology Lucknow,IT,AI,OPEN,Female,16114,17471
Indian Institute of Information Technology Lucknow,IT,AI,OPEN-PWD,Neutral,515,515
Indian Institute of Information Technology Lucknow,IT,AI,OPEN-PWD,Female,1081,1081
Indian Institute of Information Technology Lucknow,IT,AI,EWS,Neutral,1763,1976
Indian Institute of Information Technology Lucknow,IT,AI,EWS,Female,3419,3419
Indian Institute of Information Technology Lucknow,IT,AI,OBC-NCL,Neutral,4088,4739
Indian Institute of Information Technology Lucknow,IT,AI,OBC-NCL,Female,8123,9404
Indian Institute of Information Technology Lucknow,IT,AI,OBC-NCL-PWD,Neutral,959,959
Indian Institute of Information Technology Lucknow,IT,AI,SC,Neutral,2828,3540
Indian Institute of Information Technology Lucknow,IT,AI,SC,Female,4792,5179
Indian Institute of Information Technology Lucknow,IT,AI,ST,Neutral,1115,1970
Indian Institute of Information Technology Lucknow,IT,AI,ST,Female,2641,2641
Indian Institute of Information Technology(IIIT) Dharwad,CSE,AI,OPEN,Neutral,1377,34597
Indian Institute of Information Technology(IIIT) Dharwad,CSE,AI,OPEN-PWD,Neutral,781,1538
Indian Institute of Information Technology(IIIT) Dharwad,CSE,AI,EWS,Neutral,5412,6081
Indian Institute of Information Technology(IIIT) Dharwad,CSE,AI,EWS-PWD,Neutral,265,265
Indian Institute of Information Technology(IIIT) Dharwad,CSE,AI,OBC-NCL,Neutral,9509,14223
Indian Institute of Information Technology(IIIT) Dharwad,CSE,AI,OBC-NCL-PWD,Neutral,1244,1244
Indian Institute of Information Technology(IIIT) Dharwad,CSE,AI,SC,Neutral,1179,8580
Indian Institute of Information Technology(IIIT) Dharwad,CSE,AI,ST,Neutral,1752,4059
Indian Institute of Information Technology(IIIT) Dharwad,AI and DATA SCIENCE,AI,OPEN,Neutral,32572,37258
Indian Institute of Information Technology(IIIT) Dharwad,AI and DATA SCIENCE,AI,OPEN-PWD,Neutral,1614,1614
Indian Institute of Information Technology(IIIT) Dharwad,AI and DATA SCIENCE,AI,EWS,Neutral,6169,6372
Indian Institute of Information Technology(IIIT) Dharwad,AI and DATA SCIENCE,AI,OBC-NCL,Neutral,13332,15146
Indian Institute of Information Technology(IIIT) Dharwad,AI and DATA SCIENCE,AI,SC,Neutral,4936,9242
Indian Institute of Information Technology(IIIT) Dharwad,AI and DATA SCIENCE,AI,ST,Neutral,2618,4316
Indian Institute of Information Technology(IIIT) Dharwad,ECE,AI,OPEN,Neutral,33141,40610
Indian Institute of Information Technology(IIIT) Dharwad,ECE,AI,OPEN-PWD,Neutral,2296,2462
Indian Institute of Information Technology(IIIT) Dharwad,ECE,AI,EWS,Neutral,6709,6970
Indian Institute of Information Technology(IIIT) Dharwad,ECE,AI,OBC-NCL,Neutral,13077,16213
Indian Institute of Information Technology(IIIT) Dharwad,ECE,AI,SC,Neutral,9043,9974
Indian Institute of Information Technology(IIIT) Dharwad,ECE,AI,ST,Neutral,3905,4622
Indian Institute of Information Technology Design & Manufacturing Kurnool Andhra Pradesh,AI and DATA SCIENCE,AI,OPEN,Neutral,31787,37820
Indian Institute of Information Technology Design & Manufacturing Kurnool Andhra Pradesh,AI and DATA SCIENCE,AI,OPEN-PWD,Neutral,873,873
Indian Institute of Information Technology Design & Manufacturing Kurnool Andhra Pradesh,AI and DATA SCIENCE,AI,EWS,Neutral,5954,6441
Indian Institute of Information Technology Design & Manufacturing Kurnool Andhra Pradesh,AI and DATA SCIENCE,AI,OBC-NCL,Neutral,10441,14625
Indian Institute of Information Technology Design & Manufacturing Kurnool Andhra Pradesh,AI and DATA SCIENCE,AI,OBC-NCL-PWD,Neutral,647,647
Indian Institute of Information Technology Design & Manufacturing Kurnool Andhra Pradesh,AI and DATA SCIENCE,AI,SC,Neutral,4951,6565
Indian Institute of Information Technology Design & Manufacturing Kurnool Andhra Pradesh,AI and DATA SCIENCE,AI,ST,Neutral,2267,2433
Indian Institute of Information Technology Design & Manufacturing Kurnool Andhra Pradesh,CSE,AI,OPEN,Neutral,17686,32990
Indian Institute of Information Technology Design & Manufacturing Kurnool Andhra Pradesh,CSE,AI,OPEN-PWD,Neutral,612,612
Indian Institute of Information Technology Design & Manufacturing Kurnool Andhra Pradesh,CSE,AI,EWS,Neutral,5248,5867
Indian Institute of Information Technology Design & Manufacturing Kurnool Andhra Pradesh,CSE,AI,OBC-NCL,Neutral,8927,12994
Indian Institute of Information Technology Design & Manufacturing Kurnool Andhra Pradesh,CSE,AI,OBC-NCL-PWD,Neutral,410,410
Indian Institute of Information Technology Design & Manufacturing Kurnool Andhra Pradesh,CSE,AI,SC,Neutral,3833,5410
Indian Institute of Information Technology Design & Manufacturing Kurnool Andhra Pradesh,CSE,AI,SC-PWD,Neutral,200,200
Indian Institute of Information Technology Design & Manufacturing Kurnool Andhra Pradesh,CSE,AI,ST,Neutral,1888,2325
Indian Institute of Information Technology Design & Manufacturing Kurnool Andhra Pradesh,CSE DUAL,AI,OPEN,Neutral,33372,37998
Indian Institute of Information Technology Design & Manufacturing Kurnool Andhra Pradesh,CSE DUAL,AI,EWS,Neutral,6466,6649
Indian Institute of Information Technology Design & Manufacturing Kurnool Andhra Pradesh,CSE DUAL,AI,OBC-NCL,Neutral,14033,14668
Indian Institute of Information Technology Design & Manufacturing Kurnool Andhra Pradesh,CSE DUAL,AI,SC,Neutral,4828,6452
Indian Institute of Information Technology Design & Manufacturing Kurnool Andhra Pradesh,CSE DUAL,AI,ST,Neutral,2689,2770
Indian Institute of Information Technology Design & Manufacturing Kurnool Andhra Pradesh,ECE DUAL,AI,OPEN,Neutral,38493,41715
Indian Institute of Information Technology Design & Manufacturing Kurnool Andhra Pradesh,ECE DUAL,AI,EWS,Neutral,7121,7132
Indian Institute of Information Technology Design & Manufacturing Kurnool Andhra Pradesh,ECE DUAL,AI,OBC-NCL,Neutral,14663,16015
Indian Institute of Information Technology Design & Manufacturing Kurnool Andhra Pradesh,ECE DUAL,AI,OBC-NCL-PWD,Neutral,803,803
Indian Institute of Information Technology Design & Manufacturing Kurnool Andhra Pradesh,ECE DUAL,AI,SC,Neutral,7643,8012
Indian Institute of Information Technology Design & Manufacturing Kurnool Andhra Pradesh,ECE DUAL,AI,ST,Neutral,2786,2786
Indian Institute of Information Technology Design & Manufacturing Kurnool Andhra Pradesh,ECE with Design and Manufacturing,AI,OPEN,Neutral,35330,41292
Indian Institute of Information Technology Design & Manufacturing Kurnool Andhra Pradesh,ECE with Design and Manufacturing,AI,OPEN-PWD,Neutral,1713,2407
Indian Institute of Information Technology Design & Manufacturing Kurnool Andhra Pradesh,ECE with Design and Manufacturing,AI,EWS,Neutral,6758,7133
Indian Institute of Information Technology Design & Manufacturing Kurnool Andhra Pradesh,ECE with Design and Manufacturing,AI,OBC-NCL,Neutral,13083,16279
Indian Institute of Information Technology Design & Manufacturing Kurnool Andhra Pradesh,ECE with Design and Manufacturing,AI,SC,Neutral,6122,7816
Indian Institute of Information Technology Design & Manufacturing Kurnool Andhra Pradesh,ECE with Design and Manufacturing,AI,ST,Neutral,2622,2981
Indian Institute of Information Technology Design & Manufacturing Kurnool Andhra Pradesh,MECHINCAL DUAL,AI,OPEN,Neutral,44595,52162
Indian Institute of Information Technology Design & Manufacturing Kurnool Andhra Pradesh,MECHINCAL DUAL,AI,OPEN-PWD,Neutral,2504,2504
Indian Institute of Information Technology Design & Manufacturing Kurnool Andhra Pradesh,MECHINCAL DUAL,AI,EWS,Neutral,8906,9207
Indian Institute of Information Technology Design & Manufacturing Kurnool Andhra Pradesh,MECHINCAL DUAL,AI,OBC-NCL,Neutral,17792,18359
Indian Institute of Information Technology Design & Manufacturing Kurnool Andhra Pradesh,MECHINCAL DUAL,AI,SC,Neutral,9652,9763
Indian Institute of Information Technology Design & Manufacturing Kurnool Andhra Pradesh,MECHINCAL DUAL,AI,ST,Neutral,3607,3607
Indian Institute of Information Technology Design & Manufacturing Kurnool Andhra Pradesh,MECHINCAL with Design,AI,OPEN,Neutral,40872,51453
Indian Institute of Information Technology Design & Manufacturing Kurnool Andhra Pradesh,MECHINCAL with Design,AI,EWS,Neutral,8604,9312
Indian Institute of Information Technology Design & Manufacturing Kurnool Andhra Pradesh,MECHINCAL with Design,AI,OBC-NCL,Neutral,16129,17764
Indian Institute of Information Technology Design & Manufacturing Kurnool Andhra Pradesh,MECHINCAL with Design,AI,SC,Neutral,8823,9395
Indian Institute of Information Technology Design & Manufacturing Kurnool Andhra Pradesh,MECHINCAL with Design,AI,ST,Neutral,3100,3602
Indian Institute of Information Technology(IIIT) Kottayam,CSE,AI,OPEN,Neutral,17100,31998
Indian Institute of Information Technology(IIIT) Kottayam,CSE,AI,OPEN,Female,19536,33789
Indian Institute of Information Technology(IIIT) Kottayam,CSE,AI,OPEN-PWD,Neutral,1185,1953
Indian Institute of Information Technology(IIIT) Kottayam,CSE,AI,OPEN-PWD,Female,2409,2409
Indian Institute of Information Technology(IIIT) Kottayam,CSE,AI,EWS,Neutral,5010,5964
Indian Institute of Information Technology(IIIT) Kottayam,CSE,AI,EWS,Female,5287,6237
Indian Institute of Information Technology(IIIT) Kottayam,CSE,AI,OBC-NCL,Neutral,8590,12933
Indian Institute of Information Technology(IIIT) Kottayam,CSE,AI,OBC-NCL,Female,9342,13802
Indian Institute of Information Technology(IIIT) Kottayam,CSE,AI,SC,Neutral,5104,9154
Indian Institute of Information Technology(IIIT) Kottayam,CSE,AI,SC,Female,7016,8853
Indian Institute of Information Technology(IIIT) Kottayam,CSE,AI,ST,Neutral,1977,3810
Indian Institute of Information Technology(IIIT) Kottayam,CSE,AI,ST,Female,3292,4113
Indian Institute of Information Technology(IIIT) Kottayam,CSE with AI,AI,OPEN,Neutral,14091,30516
Indian Institute of Information Technology(IIIT) Kottayam,CSE with AI,AI,OPEN,Female,25333,34448
Indian Institute of Information Technology(IIIT) Kottayam,CSE with AI,AI,OPEN-PWD,Neutral,2151,2151
Indian Institute of Information Technology(IIIT) Kottayam,CSE with AI,AI,EWS,Neutral,5109,5810
Indian Institute of Information Technology(IIIT) Kottayam,CSE with AI,AI,EWS,Female,5488,5488
Indian Institute of Information Technology(IIIT) Kottayam,CSE with AI,AI,OBC-NCL,Neutral,8500,11096
Indian Institute of Information Technology(IIIT) Kottayam,CSE with AI,AI,OBC-NCL,Female,11926,13468
Indian Institute of Information Technology(IIIT) Kottayam,CSE with AI,AI,SC,Neutral,4252,7926
Indian Institute of Information Technology(IIIT) Kottayam,CSE with AI,AI,SC,Female,8561,8561
Indian Institute of Information Technology(IIIT) Kottayam,CSE with AI,AI,ST,Neutral,1736,3187
Indian Institute of Information Technology(IIIT) Kottayam,CSE with AI,AI,ST,Female,3458,3458
Indian Institute of Information Technology(IIIT) Kottayam,CSE with Cyber Security,AI,OPEN,Neutral,28200,34134
Indian Institute of Information Technology(IIIT) Kottayam,CSE with Cyber Security,AI,OPEN,Female,33053,37056
Indian Institute of Information Technology(IIIT) Kottayam,CSE with Cyber Security,AI,OPEN-PWD,Neutral,1973,1973
Indian Institute of Information Technology(IIIT) Kottayam,CSE with Cyber Security,AI,EWS,Neutral,5560,6134
Indian Institute of Information Technology(IIIT) Kottayam,CSE with Cyber Security,AI,EWS,Female,6357,6357
Indian Institute of Information Technology(IIIT) Kottayam,CSE with Cyber Security,AI,OBC-NCL,Neutral,11106,13429
Indian Institute of Information Technology(IIIT) Kottayam,CSE with Cyber Security,AI,OBC-NCL,Female,13881,14421
Indian Institute of Information Technology(IIIT) Kottayam,CSE with Cyber Security,AI,SC,Neutral,5716,9184
Indian Institute of Information Technology(IIIT) Kottayam,CSE with Cyber Security,AI,SC,Female,7849,7849
Indian Institute of Information Technology(IIIT) Kottayam,CSE with Cyber Security,AI,ST,Neutral,2861,4144
Indian Institute of Information Technology(IIIT) Kottayam,CSE with Cyber Security,AI,ST,Female,4761,4761
Indian Institute of Information Technology(IIIT) Kottayam,ECE,AI,OPEN,Neutral,21216,39165
Indian Institute of Information Technology(IIIT) Kottayam,ECE,AI,OPEN,Female,32755,40295
Indian Institute of Information Technology(IIIT) Kottayam,ECE,AI,EWS,Neutral,6209,6861
Indian Institute of Information Technology(IIIT) Kottayam,ECE,AI,EWS,Female,6993,6993
Indian Institute of Information Technology(IIIT) Kottayam,ECE,AI,OBC-NCL,Neutral,13102,14292
Indian Institute of Information Technology(IIIT) Kottayam,ECE,AI,OBC-NCL,Female,14787,16072
Indian Institute of Information Technology(IIIT) Kottayam,ECE,AI,SC,Neutral,8602,9854
Indian Institute of Information Technology(IIIT) Kottayam,ECE,AI,SC,Female,7466,7466
Indian Institute of Information Technology(IIIT) Kottayam,ECE,AI,ST,Neutral,3019,4750
Indian Institute of Information Technology(IIIT) Kottayam,ECE,AI,ST,Female,4620,4620
Indian Institute of Information Technology (IIIT) Ranchi,CSE,AI,OPEN,Neutral,25997,32560
Indian Institute of Information Technology (IIIT) Ranchi,CSE,AI,OPEN-PWD,Neutral,1527,1576
Indian Institute of Information Technology (IIIT) Ranchi,CSE,AI,EWS,Neutral,5056,5612
Indian Institute of Information Technology (IIIT) Ranchi,CSE,AI,OBC-NCL,Neutral,9386,12463
Indian Institute of Information Technology (IIIT) Ranchi,CSE,AI,OBC-NCL-PWD,Neutral,844,844
Indian Institute of Information Technology (IIIT) Ranchi,CSE,AI,SC,Neutral,4798,7389
Indian Institute of Information Technology (IIIT) Ranchi,CSE,AI,SC-PWD,Neutral,183,183
Indian Institute of Information Technology (IIIT) Ranchi,CSE,AI,ST,Neutral,3165,4073
Indian Institute of Information Technology (IIIT) Ranchi,CSE with DATA SCIENCE,AI,OPEN,Neutral,25951,30734
Indian Institute of Information Technology (IIIT) Ranchi,CSE with DATA SCIENCE,AI,OPEN-PWD,Neutral,1500,1500
Indian Institute of Information Technology (IIIT) Ranchi,CSE with DATA SCIENCE,AI,EWS,Neutral,4957,5054
Indian Institute of Information Technology (IIIT) Ranchi,CSE with DATA SCIENCE,AI,OBC-NCL,Neutral,8549,11988
Indian Institute of Information Technology (IIIT) Ranchi,CSE with DATA SCIENCE,AI,SC,Neutral,5748,6934
Indian Institute of Information Technology (IIIT) Ranchi,CSE with DATA SCIENCE,AI,ST,Neutral,3966,4079
Indian Institute of Information Technology (IIIT) Ranchi,ECE,AI,OPEN,Neutral,32683,40510
Indian Institute of Information Technology (IIIT) Ranchi,ECE,AI,OPEN-PWD,Neutral,1617,1617
Indian Institute of Information Technology (IIIT) Ranchi,ECE,AI,EWS,Neutral,6448,6825
Indian Institute of Information Technology (IIIT) Ranchi,ECE,AI,OBC-NCL,Neutral,12583,15833
Indian Institute of Information Technology (IIIT) Ranchi,ECE,AI,SC,Neutral,8194,10092
Indian Institute of Information Technology (IIIT) Ranchi,ECE,AI,ST,Neutral,4182,4755
Indian Institute of Information Technology (IIIT) Ranchi,ECE with VLSI,AI,OPEN,Neutral,34250,40065
Indian Institute of Information Technology (IIIT) Ranchi,ECE with VLSI,AI,EWS,Neutral,6638,6842
Indian Institute of Information Technology (IIIT) Ranchi,ECE with VLSI,AI,OBC-NCL,Neutral,13514,15608
Indian Institute of Information Technology (IIIT) Ranchi,ECE with VLSI,AI,SC,Neutral,7608,10142
Indian Institute of Information Technology (IIIT) Ranchi,ECE with VLSI,AI,ST,Neutral,4460,4693
Indian Institute of Information Technology (IIIT) Nagpur,CSE,AI,OPEN,Neutral,20399,27288
Indian Institute of Information Technology (IIIT) Nagpur,CSE,AI,OPEN-PWD,Neutral,863,1038
Indian Institute of Information Technology (IIIT) Nagpur,CSE,AI,EWS,Neutral,4230,4824
Indian Institute of Information Technology (IIIT) Nagpur,CSE,AI,EWS-PWD,Neutral,311,311
Indian Institute of Information Technology (IIIT) Nagpur,CSE,AI,OBC-NCL,Neutral,7086,11394
Indian Institute of Information Technology (IIIT) Nagpur,CSE,AI,OBC-NCL-PWD,Neutral,555,712
Indian Institute of Information Technology (IIIT) Nagpur,CSE,AI,SC,Neutral,3040,6770
Indian Institute of Information Technology (IIIT) Nagpur,CSE,AI,SC-PWD,Neutral,220,220
Indian Institute of Information Technology (IIIT) Nagpur,CSE,AI,ST,Neutral,1885,3707
Indian Institute of Information Technology (IIIT) Nagpur,CSE with AI,AI,OPEN,Neutral,12505,27645
Indian Institute of Information Technology (IIIT) Nagpur,CSE with AI,AI,OPEN-PWD,Neutral,583,583
Indian Institute of Information Technology (IIIT) Nagpur,CSE with AI,AI,EWS,Neutral,4380,4898
Indian Institute of Information Technology (IIIT) Nagpur,CSE with AI,AI,OBC-NCL,Neutral,8074,11685
Indian Institute of Information Technology (IIIT) Nagpur,CSE with AI,AI,OBC-NCL-PWD,Neutral,247,247
Indian Institute of Information Technology (IIIT) Nagpur,CSE with AI,AI,SC,Neutral,4379,6797
Indian Institute of Information Technology (IIIT) Nagpur,CSE with AI,AI,ST,Neutral,2055,3398
Indian Institute of Information Technology (IIIT) Nagpur,Computer Science Engineering (Data Science and Analytics) (4 Years Bachelor of Technology),AI,OPEN,Neutral,16592,28893
Indian Institute of Information Technology (IIIT) Nagpur,Computer Science Engineering (Data Science and Analytics) (4 Years Bachelor of Technology),AI,OPEN-PWD,Neutral,1472,1472
Indian Institute of Information Technology (IIIT) Nagpur,Computer Science Engineering (Data Science and Analytics) (4 Years Bachelor of Technology),AI,EWS,Neutral,4468,5088
Indian Institute of Information Technology (IIIT) Nagpur,Computer Science Engineering (Data Science and Analytics) (4 Years Bachelor of Technology),AI,OBC-NCL,Neutral,9241,12247
Indian Institute of Information Technology (IIIT) Nagpur,Computer Science Engineering (Data Science and Analytics) (4 Years Bachelor of Technology),AI,OBC-NCL-PWD,Neutral,1049,1049
Indian Institute of Information Technology (IIIT) Nagpur,Computer Science Engineering (Data Science and Analytics) (4 Years Bachelor of Technology),AI,SC,Neutral,1146,7312
Indian Institute of Information Technology (IIIT) Nagpur,Computer Science Engineering (Data Science and Analytics) (4 Years Bachelor of Technology),AI,ST,Neutral,2471,3859
Indian Institute of Information Technology (IIIT) Nagpur,Computer Science Engineering (Human Computer lnteraction and Gaming Technology),AI,OPEN,Neutral,21888,30142
Indian Institute of Information Technology (IIIT) Nagpur,Computer Science Engineering (Human Computer lnteraction and Gaming Technology),AI,OPEN-PWD,Neutral,1050,1050
Indian Institute of Information Technology (IIIT) Nagpur,Computer Science Engineering (Human Computer lnteraction and Gaming Technology),AI,EWS,Neutral,4835,5204
Indian Institute of Information Technology (IIIT) Nagpur,Computer Science Engineering (Human Computer lnteraction and Gaming Technology),AI,OBC-NCL,Neutral,11038,12865
Indian Institute of Information Technology (IIIT) Nagpur,Computer Science Engineering (Human Computer lnteraction and Gaming Technology),AI,OBC-NCL-PWD,Neutral,901,901
Indian Institute of Information Technology (IIIT) Nagpur,Computer Science Engineering (Human Computer lnteraction and Gaming Technology),AI,SC,Neutral,4778,7711
Indian Institute of Information Technology (IIIT) Nagpur,Computer Science Engineering (Human Computer lnteraction and Gaming Technology),AI,ST,Neutral,2422,4084
Indian Institute of Information Technology (IIIT) Nagpur,ECE,AI,OPEN,Neutral,26061,37906
Indian Institute of Information Technology (IIIT) Nagpur,ECE,AI,OPEN-PWD,Neutral,1885,2602
Indian Institute of Information Technology (IIIT) Nagpur,ECE,AI,EWS,Neutral,5997,6679
Indian Institute of Information Technology (IIIT) Nagpur,ECE,AI,OBC-NCL,Neutral,12760,15635
Indian Institute of Information Technology (IIIT) Nagpur,ECE,AI,SC,Neutral,7334,9632
Indian Institute of Information Technology (IIIT) Nagpur,ECE,AI,ST,Neutral,3865,4561
Indian Institute of Information Technology (IIIT) Nagpur,ECE with SPECIALISATION,AI,OPEN,Neutral,29155,36175
Indian Institute of Information Technology (IIIT) Nagpur,ECE with SPECIALISATION,AI,OPEN-PWD,Neutral,2440,2440
Indian Institute of Information Technology (IIIT) Nagpur,ECE with SPECIALISATION,AI,EWS,Neutral,5825,6365
Indian Institute of Information Technology (IIIT) Nagpur,ECE with SPECIALISATION,AI,OBC-NCL,Neutral,12333,15179
Indian Institute of Information Technology (IIIT) Nagpur,ECE with SPECIALISATION,AI,SC,Neutral,8732,9370
Indian Institute of Information Technology (IIIT) Nagpur,ECE with SPECIALISATION,AI,ST,Neutral,4006,4401
Indian Institute of Information Technology (IIIT) Pune,CSE,AI,OPEN,Neutral,4202,16952
Indian Institute of Information Technology (IIIT) Pune,CSE,AI,OPEN,Female,15730,23890
Indian Institute of Information Technology (IIIT) Pune,CSE,AI,OPEN-PWD,Neutral,328,512
Indian Institute of Information Technology (IIIT) Pune,CSE,AI,OPEN-PWD,Female,1237,1237
Indian Institute of Information Technology (IIIT) Pune,CSE,AI,EWS,Neutral,2492,2814
Indian Institute of Information Technology (IIIT) Pune,CSE,AI,EWS,Female,3803,4761
Indian Institute of Information Technology (IIIT) Pune,CSE,AI,EWS-PWD,Neutral,181,181
Indian Institute of Information Technology (IIIT) Pune,CSE,AI,OBC-NCL,Neutral,5224,7366
Indian Institute of Information Technology (IIIT) Pune,CSE,AI,OBC-NCL,Female,6385,12066
Indian Institute of Information Technology (IIIT) Pune,CSE,AI,OBC-NCL-PWD,Neutral,393,542
Indian Institute of Information Technology (IIIT) Pune,CSE,AI,OBC-NCL-PWD,Female,548,548
Indian Institute of Information Technology (IIIT) Pune,CSE,AI,SC,Neutral,2760,5021
Indian Institute of Information Technology (IIIT) Pune,CSE,AI,SC,Female,3388,6883
Indian Institute of Information Technology (IIIT) Pune,CSE,AI,ST,Neutral,1434,2376
Indian Institute of Information Technology (IIIT) Pune,CSE,AI,ST,Female,3096,3493
Indian Institute of Information Technology (IIIT) Pune,ECE,AI,OPEN,Neutral,16454,22399
Indian Institute of Information Technology (IIIT) Pune,ECE,AI,OPEN,Female,24607,27443
Indian Institute of Information Technology (IIIT) Pune,ECE,AI,OPEN-PWD,Neutral,2134,2134
Indian Institute of Information Technology (IIIT) Pune,ECE,AI,EWS,Neutral,3670,4001
Indian Institute of Information Technology (IIIT) Pune,ECE,AI,EWS,Female,4783,4783
Indian Institute of Information Technology (IIIT) Pune,ECE,AI,OBC-NCL,Neutral,7628,10718
Indian Institute of Information Technology (IIIT) Pune,ECE,AI,OBC-NCL,Female,12172,14755
Indian Institute of Information Technology (IIIT) Pune,ECE,AI,SC,Neutral,4847,6350
Indian Institute of Information Technology (IIIT) Pune,ECE,AI,SC,Female,7528,7995
Indian Institute of Information Technology (IIIT) Pune,ECE,AI,ST,Neutral,2922,3529
Indian Institute of Information Technology (IIIT) Pune,ECE,AI,ST,Female,4732,4732
Indian Institute of Information Technology Bhagalpur,CSE,AI,OPEN,Neutral,21102,38522
Indian Institute of Information Technology Bhagalpur,CSE,AI,OPEN,Female,35944,41557
Indian Institute of Information Technology Bhagalpur,CSE,AI,OPEN-PWD,Neutral,1647,2373
Indian Institute of Information Technology Bhagalpur,CSE,AI,EWS,Neutral,6106,6502
Indian Institute of Information Technology Bhagalpur,CSE,AI,EWS,Female,6738,6935
Indian Institute of Information Technology Bhagalpur,CSE,AI,OBC-NCL,Neutral,12779,14763
Indian Institute of Information Technology Bhagalpur,CSE,AI,OBC-NCL,Female,13062,16940
Indian Institute of Information Technology Bhagalpur,CSE,AI,SC,Neutral,6345,9151
Indian Institute of Information Technology Bhagalpur,CSE,AI,SC,Female,8365,8681
Indian Institute of Information Technology Bhagalpur,CSE,AI,ST,Neutral,3942,4650
Indian Institute of Information Technology Bhagalpur,CSE,AI,ST,Female,5120,5120
Indian Institute of Information Technology Bhagalpur,ECE,AI,OPEN,Neutral,39333,43657
Indian Institute of Information Technology Bhagalpur,ECE,AI,OPEN,Female,41921,43890
Indian Institute of Information Technology Bhagalpur,ECE,AI,EWS,Neutral,6997,7218
Indian Institute of Information Technology Bhagalpur,ECE,AI,EWS,Female,7479,7479
Indian Institute of Information Technology Bhagalpur,ECE,AI,OBC-NCL,Neutral,14370,16508
Indian Institute of Information Technology Bhagalpur,ECE,AI,OBC-NCL,Female,18473,18473
Indian Institute of Information Technology Bhagalpur,ECE,AI,SC,Neutral,9174,10382
Indian Institute of Information Technology Bhagalpur,ECE,AI,SC,Female,9969,10245
Indian Institute of Information Technology Bhagalpur,ECE,AI,ST,Neutral,4778,5018
Indian Institute of Information Technology Bhagalpur,ECE,AI,ST,Female,5207,5207
Indian Institute of Information Technology Bhagalpur,Mathematics & Computing,AI,OPEN,Neutral,38033,39655
Indian Institute of Information Technology Bhagalpur,Mathematics & Computing,AI,EWS,Neutral,6559,6559
Indian Institute of Information Technology Bhagalpur,Mathematics & Computing,AI,EWS,Female,7887,7887
Indian Institute of Information Technology Bhagalpur,Mathematics & Computing,AI,OBC-NCL,Neutral,13655,15566
Indian Institute of Information Technology Bhagalpur,Mathematics & Computing,AI,OBC-NCL,Female,17255,17255
Indian Institute of Information Technology Bhagalpur,Mathematics & Computing,AI,SC,Neutral,8399,9422
Indian Institute of Information Technology Bhagalpur,Mathematics & Computing,AI,ST,Neutral,3179,3970
Indian Institute of Information Technology Bhagalpur,Mathematics & Computing,AI,ST,Female,4184,4184
Indian Institute of Information Technology Bhagalpur,Mechatronics and Automation Engineering,AI,OPEN,Neutral,40519,49678
Indian Institute of Information Technology Bhagalpur,Mechatronics and Automation Engineering,AI,OPEN,Female,47838,51801
Indian Institute of Information Technology Bhagalpur,Mechatronics and Automation Engineering,AI,EWS,Neutral,8032,8094
Indian Institute of Information Technology Bhagalpur,Mechatronics and Automation Engineering,AI,EWS,Female,9506,9506
Indian Institute of Information Technology Bhagalpur,Mechatronics and Automation Engineering,AI,OBC-NCL,Neutral,16157,17749
Indian Institute of Information Technology Bhagalpur,Mechatronics and Automation Engineering,AI,OBC-NCL,Female,21735,22250
Indian Institute of Information Technology Bhagalpur,Mechatronics and Automation Engineering,AI,SC,Neutral,10223,10761
Indian Institute of Information Technology Bhagalpur,Mechatronics and Automation Engineering,AI,SC,Female,10958,10958
Indian Institute of Information Technology Bhagalpur,Mechatronics and Automation Engineering,AI,ST,Neutral,4474,5075
Indian Institute of Information Technology Bhopal,CSE,AI,OPEN,Neutral,14922,24413
Indian Institute of Information Technology Bhopal,CSE,AI,OPEN-PWD,Neutral,793,1550
Indian Institute of Information Technology Bhopal,CSE,AI,EWS,Neutral,3768,4276
Indian Institute of Information Technology Bhopal,CSE,AI,EWS-PWD,Neutral,220,220
Indian Institute of Information Technology Bhopal,CSE,AI,OBC-NCL,Neutral,6349,10231
Indian Institute of Information Technology Bhopal,CSE,AI,OBC-NCL-PWD,Neutral,788,871
Indian Institute of Information Technology Bhopal,CSE,AI,SC,Neutral,3445,5932
Indian Institute of Information Technology Bhopal,CSE,AI,ST,Neutral,1496,3080
Indian Institute of Information Technology Bhopal,ECE,AI,OPEN,Neutral,24707,34855
Indian Institute of Information Technology Bhopal,ECE,AI,EWS,Neutral,5450,6005
Indian Institute of Information Technology Bhopal,ECE,AI,OBC-NCL,Neutral,10300,14419
Indian Institute of Information Technology Bhopal,ECE,AI,SC,Neutral,5967,9056
Indian Institute of Information Technology Bhopal,ECE,AI,ST,Neutral,4208,4775
Indian Institute of Information Technology Bhopal,IT,AI,OPEN,Neutral,11774,28824
Indian Institute of Information Technology Bhopal,IT,AI,OPEN-PWD,Neutral,1044,1762
Indian Institute of Information Technology Bhopal,IT,AI,EWS,Neutral,4497,4836
Indian Institute of Information Technology Bhopal,IT,AI,OBC-NCL,Neutral,9464,11411
Indian Institute of Information Technology Bhopal,IT,AI,SC,Neutral,5937,7420
Indian Institute of Information Technology Bhopal,IT,AI,ST,Neutral,3321,4593
Indian Institute of Information Technology Surat,CSE,AI,OPEN,Neutral,16458,23303
Indian Institute of Information Technology Surat,CSE,AI,OPEN,Female,24097,29567
Indian Institute of Information Technology Surat,CSE,AI,OPEN-PWD,Neutral,668,668
Indian Institute of Information Technology Surat,CSE,AI,EWS,Neutral,3499,3866
Indian Institute of Information Technology Surat,CSE,AI,EWS,Female,4636,4666
Indian Institute of Information Technology Surat,CSE,AI,OBC-NCL,Neutral,6016,9776
Indian Institute of Information Technology Surat,CSE,AI,OBC-NCL,Female,13018,14148
Indian Institute of Information Technology Surat,CSE,AI,OBC-NCL-PWD,Neutral,334,334
Indian Institute of Information Technology Surat,CSE,AI,SC,Neutral,2295,6259
Indian Institute of Information Technology Surat,CSE,AI,SC,Female,7621,7946
Indian Institute of Information Technology Surat,CSE,AI,ST,Neutral,1114,3039
Indian Institute of Information Technology Surat,CSE,AI,ST,Female,3701,3750
Indian Institute of Information Technology Surat,ECE,AI,OPEN,Neutral,23355,32751
Indian Institute of Information Technology Surat,ECE,AI,OPEN,Female,29477,33774
Indian Institute of Information Technology Surat,ECE,AI,OPEN-PWD,Neutral,2727,2727
Indian Institute of Information Technology Surat,ECE,AI,EWS,Neutral,5300,5737
Indian Institute of Information Technology Surat,ECE,AI,EWS,Female,6391,6393
Indian Institute of Information Technology Surat,ECE,AI,OBC-NCL,Neutral,10724,13338
Indian Institute of Information Technology Surat,ECE,AI,OBC-NCL,Female,14766,17384
Indian Institute of Information Technology Surat,ECE,AI,SC,Neutral,5560,8597
Indian Institute of Information Technology Surat,ECE,AI,SC,Female,9946,10182
Indian Institute of Information Technology Surat,ECE,AI,ST,Neutral,3537,4413
Indian Institute of Information Technology Surat,ECE,AI,ST,Female,4311,4979
Indian Institute of Information Technology Agartala,CSE,AI,OPEN,Neutral,22126,35192
Indian Institute of Information Technology Agartala,CSE,AI,OPEN,Female,37941,42856
Indian Institute of Information Technology Agartala,CSE,AI,OPEN-PWD,Neutral,1473,1473
Indian Institute of Information Technology Agartala,CSE,AI,EWS,Neutral,5619,6542
Indian Institute of Information Technology Agartala,CSE,AI,EWS,Female,7128,7128
Indian Institute of Information Technology Agartala,CSE,AI,OBC-NCL,Neutral,10387,13517
Indian Institute of Information Technology Agartala,CSE,AI,OBC-NCL,Female,15102,17867
Indian Institute of Information Technology Agartala,CSE,AI,OBC-NCL-PWD,Neutral,873,873
Indian Institute of Information Technology Agartala,CSE,AI,SC,Neutral,3983,8277
Indian Institute of Information Technology Agartala,CSE,AI,SC,Female,9556,9881
Indian Institute of Information Technology Agartala,CSE,AI,ST,Neutral,3959,4179
Indian Institute of Information Technology Agartala,CSE,AI,ST,Female,4616,4616
Indian institute of information technology Raichur Karnataka,AI and DATA SCIENCE,AI,OPEN,Neutral,15721,35154
Indian institute of information technology Raichur Karnataka,AI and DATA SCIENCE,AI,OPEN,Female,38370,40104
Indian institute of information technology Raichur Karnataka,AI and DATA SCIENCE,AI,OPEN-PWD,Neutral,1560,1560
Indian institute of information technology Raichur Karnataka,AI and DATA SCIENCE,AI,EWS,Neutral,5597,6086
Indian institute of information technology Raichur Karnataka,AI and DATA SCIENCE,AI,EWS,Female,6882,6882
Indian institute of information technology Raichur Karnataka,AI and DATA SCIENCE,AI,OBC-NCL,Neutral,10689,14196
Indian institute of information technology Raichur Karnataka,AI and DATA SCIENCE,AI,OBC-NCL,Female,15088,16008
Indian institute of information technology Raichur Karnataka,AI and DATA SCIENCE,AI,OBC-NCL-PWD,Neutral,930,930
Indian institute of information technology Raichur Karnataka,AI and DATA SCIENCE,AI,SC,Neutral,8393,8953
Indian institute of information technology Raichur Karnataka,AI and DATA SCIENCE,AI,SC,Female,7847,9855
Indian institute of information technology Raichur Karnataka,AI and DATA SCIENCE,AI,ST,Neutral,3631,3939
Indian institute of information technology Raichur Karnataka,AI and DATA SCIENCE,AI,ST,Female,3167,3167
Indian institute of information technology Raichur Karnataka,CSE,AI,OPEN,Neutral,20583,33268
Indian institute of information technology Raichur Karnataka,CSE,AI,OPEN,Female,32915,37999
Indian institute of information technology Raichur Karnataka,CSE,AI,OPEN-PWD,Neutral,805,1262
Indian institute of information technology Raichur Karnataka,CSE,AI,EWS,Neutral,5308,5847
Indian institute of information technology Raichur Karnataka,CSE,AI,EWS,Female,6033,6687
Indian institute of information technology Raichur Karnataka,CSE,AI,OBC-NCL,Neutral,10482,13252
Indian institute of information technology Raichur Karnataka,CSE,AI,OBC-NCL,Female,14726,15701
Indian institute of information technology Raichur Karnataka,CSE,AI,OBC-NCL-PWD,Neutral,725,725
Indian institute of information technology Raichur Karnataka,CSE,AI,SC,Neutral,2768,8222
Indian institute of information technology Raichur Karnataka,CSE,AI,SC,Female,7738,7983
Indian institute of information technology Raichur Karnataka,CSE,AI,ST,Neutral,1941,2994
Indian institute of information technology Raichur Karnataka,CSE,AI,ST,Female,2559,2559
Indian Institute of Information Technology Vadodara International Campus Diu (IIITVICD),CSE,AI,OPEN,Neutral,19329,34862
Indian Institute of Information Technology Vadodara International Campus Diu (IIITVICD),CSE,AI,OPEN,Female,31703,37074
Indian Institute of Information Technology Vadodara International Campus Diu (IIITVICD),CSE,AI,EWS,Neutral,5467,5785
Indian Institute of Information Technology Vadodara International Campus Diu (IIITVICD),CSE,AI,EWS,Female,6457,6714
Indian Institute of Information Technology Vadodara International Campus Diu (IIITVICD),CSE,AI,OBC-NCL,Neutral,11761,14123
Indian Institute of Information Technology Vadodara International Campus Diu (IIITVICD),CSE,AI,OBC-NCL,Female,14729,15444
Indian Institute of Information Technology Vadodara International Campus Diu (IIITVICD),CSE,AI,SC,Neutral,5091,8834
Indian Institute of Information Technology Vadodara International Campus Diu (IIITVICD),CSE,AI,SC,Female,8440,9903
Indian Institute of Information Technology Vadodara International Campus Diu (IIITVICD),CSE,AI,ST,Neutral,3205,4366
Indian Institute of Information Technology Vadodara International Campus Diu (IIITVICD),CSE,AI,ST,Female,4469,4469
